--
-- PostgreSQL database dump
--

-- Dumped from database version 17.5 (Postgres.app)
-- Dumped by pg_dump version 17.5 (Postgres.app)

SET statement_timeout = 0;
SET lock_timeout = 0;
SET idle_in_transaction_session_timeout = 0;
SET transaction_timeout = 0;
SET client_encoding = 'UTF8';
SET standard_conforming_strings = on;
SELECT pg_catalog.set_config('search_path', '', false);
SET check_function_bodies = false;
SET xmloption = content;
SET client_min_messages = warning;
SET row_security = off;

SET default_tablespace = '';

SET default_table_access_method = heap;

--
-- Name: tasks_extractedentity; Type: TABLE; Schema: public; Owner: -
--

CREATE TABLE public.tasks_extractedentity (
    id bigint NOT NULL,
    entity_key character varying(100) NOT NULL,
    entity_value text NOT NULL,
    task_id bigint NOT NULL
);


--
-- Name: tasks_extractedentity_id_seq; Type: SEQUENCE; Schema: public; Owner: -
--

ALTER TABLE public.tasks_extractedentity ALTER COLUMN id ADD GENERATED BY DEFAULT AS IDENTITY (
    SEQUENCE NAME public.tasks_extractedentity_id_seq
    START WITH 1
    INCREMENT BY 1
    NO MINVALUE
    NO MAXVALUE
    CACHE 1
);


--
-- Name: tasks_generatedmessage; Type: TABLE; Schema: public; Owner: -
--

CREATE TABLE public.tasks_generatedmessage (
    id bigint NOT NULL,
    channel character varying(20) NOT NULL,
    content text NOT NULL,
    task_id bigint NOT NULL,
    recipient character varying(200) NOT NULL,
    send_error text NOT NULL,
    sent_at timestamp with time zone
);


--
-- Name: tasks_generatedmessage_id_seq; Type: SEQUENCE; Schema: public; Owner: -
--

ALTER TABLE public.tasks_generatedmessage ALTER COLUMN id ADD GENERATED BY DEFAULT AS IDENTITY (
    SEQUENCE NAME public.tasks_generatedmessage_id_seq
    START WITH 1
    INCREMENT BY 1
    NO MINVALUE
    NO MAXVALUE
    CACHE 1
);


--
-- Name: tasks_statushistory; Type: TABLE; Schema: public; Owner: -
--

CREATE TABLE public.tasks_statushistory (
    id bigint NOT NULL,
    from_status character varying(20) NOT NULL,
    to_status character varying(20) NOT NULL,
    changed_at timestamp with time zone NOT NULL,
    note text NOT NULL,
    task_id bigint NOT NULL
);


--
-- Name: tasks_statushistory_id_seq; Type: SEQUENCE; Schema: public; Owner: -
--

ALTER TABLE public.tasks_statushistory ALTER COLUMN id ADD GENERATED BY DEFAULT AS IDENTITY (
    SEQUENCE NAME public.tasks_statushistory_id_seq
    START WITH 1
    INCREMENT BY 1
    NO MINVALUE
    NO MAXVALUE
    CACHE 1
);


--
-- Name: tasks_task; Type: TABLE; Schema: public; Owner: -
--

CREATE TABLE public.tasks_task (
    id bigint NOT NULL,
    task_code character varying(20) NOT NULL,
    customer_request text NOT NULL,
    intent character varying(50) NOT NULL,
    status character varying(20) NOT NULL,
    risk_score integer,
    risk_level character varying(10) NOT NULL,
    risk_flags jsonb NOT NULL,
    risk_explanation jsonb NOT NULL,
    escalation_required boolean NOT NULL,
    entities jsonb NOT NULL,
    urgency_level character varying(10) NOT NULL,
    ai_confidence double precision,
    employee_assignment character varying(100) NOT NULL,
    error_detail text NOT NULL,
    created_at timestamp with time zone NOT NULL,
    updated_at timestamp with time zone NOT NULL,
    clarification_note text NOT NULL
);


--
-- Name: tasks_task_id_seq; Type: SEQUENCE; Schema: public; Owner: -
--

ALTER TABLE public.tasks_task ALTER COLUMN id ADD GENERATED BY DEFAULT AS IDENTITY (
    SEQUENCE NAME public.tasks_task_id_seq
    START WITH 1
    INCREMENT BY 1
    NO MINVALUE
    NO MAXVALUE
    CACHE 1
);


--
-- Name: tasks_taskoutcome; Type: TABLE; Schema: public; Owner: -
--

CREATE TABLE public.tasks_taskoutcome (
    id bigint NOT NULL,
    recorded_at timestamp with time zone NOT NULL,
    human_overrode_assignment boolean NOT NULL,
    final_assignment character varying(100) NOT NULL,
    ai_was_correct boolean,
    override_note text NOT NULL,
    task_id bigint NOT NULL
);


--
-- Name: tasks_taskoutcome_id_seq; Type: SEQUENCE; Schema: public; Owner: -
--

ALTER TABLE public.tasks_taskoutcome ALTER COLUMN id ADD GENERATED BY DEFAULT AS IDENTITY (
    SEQUENCE NAME public.tasks_taskoutcome_id_seq
    START WITH 1
    INCREMENT BY 1
    NO MINVALUE
    NO MAXVALUE
    CACHE 1
);


--
-- Name: tasks_taskstep; Type: TABLE; Schema: public; Owner: -
--

CREATE TABLE public.tasks_taskstep (
    id bigint NOT NULL,
    "order" integer NOT NULL,
    description text NOT NULL,
    completed boolean NOT NULL,
    task_id bigint NOT NULL,
    CONSTRAINT tasks_taskstep_order_check CHECK (("order" >= 0))
);


--
-- Name: tasks_taskstep_id_seq; Type: SEQUENCE; Schema: public; Owner: -
--

ALTER TABLE public.tasks_taskstep ALTER COLUMN id ADD GENERATED BY DEFAULT AS IDENTITY (
    SEQUENCE NAME public.tasks_taskstep_id_seq
    START WITH 1
    INCREMENT BY 1
    NO MINVALUE
    NO MAXVALUE
    CACHE 1
);


--
-- Data for Name: tasks_extractedentity; Type: TABLE DATA; Schema: public; Owner: -
--

INSERT INTO public.tasks_extractedentity VALUES (1, 'amount', '15000', 2);
INSERT INTO public.tasks_extractedentity VALUES (2, 'recipient', 'mother', 2);
INSERT INTO public.tasks_extractedentity VALUES (3, 'location', 'Kisumu', 2);
INSERT INTO public.tasks_extractedentity VALUES (4, 'amount', '15000', 3);
INSERT INTO public.tasks_extractedentity VALUES (5, 'recipient', 'mother', 3);
INSERT INTO public.tasks_extractedentity VALUES (6, 'location', 'Kisumu', 3);
INSERT INTO public.tasks_extractedentity VALUES (7, 'location', 'JKIA', 4);
INSERT INTO public.tasks_extractedentity VALUES (8, 'recipient', '3 passengers', 4);
INSERT INTO public.tasks_extractedentity VALUES (9, 'location', 'JKIA', 5);
INSERT INTO public.tasks_extractedentity VALUES (10, 'recipient', '3 passengers', 5);
INSERT INTO public.tasks_extractedentity VALUES (11, 'destination', 'karen', 5);
INSERT INTO public.tasks_extractedentity VALUES (12, 'vehicle_type', 'uber xl', 5);
INSERT INTO public.tasks_extractedentity VALUES (13, 'location', 'Geneva', 6);
INSERT INTO public.tasks_extractedentity VALUES (14, 'amount', '1000', 6);
INSERT INTO public.tasks_extractedentity VALUES (15, 'location', 'Nairobi', 7);
INSERT INTO public.tasks_extractedentity VALUES (16, 'document_type', 'land title', 16);
INSERT INTO public.tasks_extractedentity VALUES (17, 'location', 'Nakuru', 16);
INSERT INTO public.tasks_extractedentity VALUES (18, 'recipient', 'None', 20);
INSERT INTO public.tasks_extractedentity VALUES (19, 'location', 'None', 20);
INSERT INTO public.tasks_extractedentity VALUES (20, 'document_type', 'None', 20);
INSERT INTO public.tasks_extractedentity VALUES (21, 'amount', 'None', 20);
INSERT INTO public.tasks_extractedentity VALUES (22, 'service_type', 'carpenter', 20);
INSERT INTO public.tasks_extractedentity VALUES (23, 'recipient', 'cousin', 21);
INSERT INTO public.tasks_extractedentity VALUES (24, 'location', 'Kenya', 21);
INSERT INTO public.tasks_extractedentity VALUES (25, 'document_type', 'land title', 23);
INSERT INTO public.tasks_extractedentity VALUES (26, 'location', 'Nakuru', 23);
INSERT INTO public.tasks_extractedentity VALUES (27, 'amount', '50000', 24);
INSERT INTO public.tasks_extractedentity VALUES (28, 'recipient', 'brother', 24);
INSERT INTO public.tasks_extractedentity VALUES (29, 'location', 'Mombasa', 24);
INSERT INTO public.tasks_extractedentity VALUES (30, 'recipient', 'family', 106);
INSERT INTO public.tasks_extractedentity VALUES (31, 'recipient', 'family', 107);
INSERT INTO public.tasks_extractedentity VALUES (32, 'document_type', 'land title', 108);
INSERT INTO public.tasks_extractedentity VALUES (33, 'document_type', 'title', 110);
INSERT INTO public.tasks_extractedentity VALUES (34, 'recipient', 'plumber', 110);
INSERT INTO public.tasks_extractedentity VALUES (35, 'location', 'Nairobi', 111);
INSERT INTO public.tasks_extractedentity VALUES (36, 'recipient', 'plumber', 111);
INSERT INTO public.tasks_extractedentity VALUES (37, 'amount', '50000', 112);
INSERT INTO public.tasks_extractedentity VALUES (38, 'recipient', 'brother', 112);
INSERT INTO public.tasks_extractedentity VALUES (39, 'location', 'Mombasa', 112);
INSERT INTO public.tasks_extractedentity VALUES (40, 'amount', '100000', 113);
INSERT INTO public.tasks_extractedentity VALUES (41, 'recipient', 'cousin', 113);
INSERT INTO public.tasks_extractedentity VALUES (42, 'recipient_relationship', 'family', 113);
INSERT INTO public.tasks_extractedentity VALUES (43, 'amount', '2000', 114);
INSERT INTO public.tasks_extractedentity VALUES (44, 'recipient', 'Kindergarten', 114);
INSERT INTO public.tasks_extractedentity VALUES (45, 'destination_country', 'None', 114);
INSERT INTO public.tasks_extractedentity VALUES (46, 'is_new_recipient', 'None', 114);
INSERT INTO public.tasks_extractedentity VALUES (47, 'recipient_relationship', 'None', 114);
INSERT INTO public.tasks_extractedentity VALUES (48, 'amount', '50000', 115);
INSERT INTO public.tasks_extractedentity VALUES (49, 'recipient', 'nephew', 115);
INSERT INTO public.tasks_extractedentity VALUES (50, 'recipient_relationship', 'family', 115);
INSERT INTO public.tasks_extractedentity VALUES (51, 'location', 'JKIA', 116);
INSERT INTO public.tasks_extractedentity VALUES (52, 'passenger_count', '3', 116);
INSERT INTO public.tasks_extractedentity VALUES (53, 'document_type', 'title', 118);


--
-- Data for Name: tasks_generatedmessage; Type: TABLE DATA; Schema: public; Owner: -
--

INSERT INTO public.tasks_generatedmessage VALUES (16, 'whatsapp', 'Hi, thanks for reaching out to Vunoh operations platform. 
   We''ve received your general inquiry and we''re excited to help. 
   Since you''re based in Nairobi, we''ll make sure to provide you with the most relevant information.', 7, '', '', NULL);
INSERT INTO public.tasks_generatedmessage VALUES (17, 'email', 'Dear Customer,
   Re: General Inquiry from Nairobi
   We appreciate the time you took to contact us and we''re more than happy to assist you with your query. 
   Our team will review your request and provide a detailed response shortly.
   Best regards, Vunoh Operations Team', 7, '', '', NULL);
INSERT INTO public.tasks_generatedmessage VALUES (18, 'sms', 'Vunoh: Inquiry received, response pending', 7, '', '', NULL);
INSERT INTO public.tasks_generatedmessage VALUES (19, 'whatsapp', 'Hi, thanks for reaching out. We''re here to help with any questions you have. Can you please tell us a bit more about what''s on your mind?', 9, '', '', NULL);
INSERT INTO public.tasks_generatedmessage VALUES (20, 'email', 'Dear Customer,

We appreciate your interest in Vunoh operations platform and would be happy to assist you with any inquiries you may have. Please provide us with more details about your question so we can better understand and provide a helpful response.

Best regards, Vunoh Support Team', 9, '', '', NULL);
INSERT INTO public.tasks_generatedmessage VALUES (21, 'sms', 'Vunoh: We''ve received your inquiry. More info needed. Reply to discuss.', 9, '', '', NULL);
INSERT INTO public.tasks_generatedmessage VALUES (22, 'whatsapp', 'Hi, thanks for reaching out to Vunoh. We''re here to help with any questions you have. What would you like to know about our operations platform?', 14, '', '', NULL);
INSERT INTO public.tasks_generatedmessage VALUES (23, 'email', 'Dear Customer, 
we appreciate your interest in Vunoh operations platform. 
We are happy to address any inquiries you may have. 
Please let us know how we can assist you.
Best regards, Vunoh Team', 14, '', '', NULL);
INSERT INTO public.tasks_generatedmessage VALUES (24, 'sms', 'Vunoh: We''ve received your inquiry', 14, '', '', NULL);
INSERT INTO public.tasks_generatedmessage VALUES (25, 'whatsapp', 'Hello, we''ve received your request to verify your land title document in Nakuru. 
   We''ll review it carefully due to the medium risk level associated with this type of document.
   You''ll be updated on the status soon.', 16, '', '', NULL);
INSERT INTO public.tasks_generatedmessage VALUES (27, 'sms', 'Land title verification in progress', 16, '', '', NULL);
INSERT INTO public.tasks_generatedmessage VALUES (31, 'whatsapp', 'Hey, just a heads up, I''ve arranged for an airport transfer for you in Kenya. 
   Looking forward to seeing you soon, cousin! 
   Your ride will be waiting for you at the airport.', 21, '', '', NULL);
INSERT INTO public.tasks_generatedmessage VALUES (26, 'email', 'Dear Customer,
   Re: Verification of Land Title Document in Nakuru
   We are writing to confirm receipt of your request to verify your land title document. 
   As this document type has a medium risk level, we will conduct a thorough review.
   We will keep you informed of the progress and outcome of this verification process.
   Best regards, Vunoh Operations Team', 16, 'davidsode5@gmail.com', '', '2026-05-20 06:04:59.690891+05:30');
INSERT INTO public.tasks_generatedmessage VALUES (28, 'whatsapp', 'Hi, we''ve received your request for a carpenter. 
We''ll connect you with a reliable professional soon. 
Please let us know your location and any specific requirements you may have.', 20, '', '', NULL);
INSERT INTO public.tasks_generatedmessage VALUES (29, 'email', 'Dear Customer,
We appreciate your interest in our services and are pleased to inform you that we have received your request for a carpenter. 
Our team will promptly connect you with a reliable professional who meets your needs. 
Please feel free to provide your location and any additional details regarding the service you require.
Best regards, Vunoh Operations Team', 20, '', '', NULL);
INSERT INTO public.tasks_generatedmessage VALUES (30, 'sms', 'Carpenter service requested. Waiting for location details.', 20, '', '', NULL);
INSERT INTO public.tasks_generatedmessage VALUES (32, 'email', 'Dear cousin, 
   I am writing to inform you that I have arranged for an airport transfer for you in Kenya. 
   The transfer has been booked and the driver will be waiting for you upon your arrival. 
   Please let me know if you have any further requests.
   Best regards', 21, '', '', NULL);
INSERT INTO public.tasks_generatedmessage VALUES (33, 'sms', 'Airport transfer in Kenya arranged, see you soon', 21, '', '', NULL);
INSERT INTO public.tasks_generatedmessage VALUES (3, 'sms', 'Vunoh: KES 15,000 sent to Kisumu. Ref VNH-2026-SM001. M-Pesa delivery in 5 mins. Help: 0800-VUNOH', 100, '', '', NULL);
INSERT INTO public.tasks_generatedmessage VALUES (35, 'email', 'Dear Customer,

Thank you for your inquiry. We appreciate your interest in Vunoh''s operations platform and are happy to provide more information or answer any questions you may have.

Please let us know how we can assist you further.

Best regards, Vunoh Support Team', 22, '', '', NULL);
INSERT INTO public.tasks_generatedmessage VALUES (36, 'sms', 'Vunoh: We''ve received your inquiry. A representative will contact you soon.', 22, '', '', NULL);
INSERT INTO public.tasks_generatedmessage VALUES (34, 'whatsapp', 'Hi, thanks for reaching out to Vunoh. We''re here to help with any questions you have. What''s on your mind? Let''s chat about our operations platform and see how we can assist you.', 22, '+254711939367', '', '2026-05-21 03:01:46.303219+05:30');
INSERT INTO public.tasks_generatedmessage VALUES (38, 'email', 'Dear Customer, 
   Re: Verification of Land Title Document in Nakuru

   We acknowledge receipt of your request to verify a land title document located in Nakuru. Our team will conduct a thorough review of the document. Please ensure that all necessary documents are readily available to facilitate a smooth verification process.

   Thank you for choosing our services. We will be in touch soon with an update on the status of your request.
   Best regards, Vunoh Operations Team', 23, '', '', NULL);
INSERT INTO public.tasks_generatedmessage VALUES (39, 'sms', 'Land title verification in Nakuru: pending review', 23, '', '', NULL);
INSERT INTO public.tasks_generatedmessage VALUES (11, 'email', 'Dear Valued Customer,

Your airport transfer request has been confirmed and a driver assigned.

Transfer Details:
- Pickup Point: JKIA Terminal 1A, International Arrivals
- Flight: KQ101 from London (landing 06:30)
- Passengers: 3 (including elderly travellers)
- Luggage: 4 large pieces
- Vehicle: Toyota Hiace — Plate KBZ 412X
- Driver: James Mwangi (+254 722 000 001)
- Reference: VNH-2026-AT004

Your driver will be positioned at the arrivals gate holding a Vunoh placard. Please allow 15 minutes after landing for driver positioning. The vehicle is fully air-conditioned and spacious for your parents'' comfort.

Warm regards,
Vunoh Operations Team', 103, '', '', NULL);
INSERT INTO public.tasks_generatedmessage VALUES (37, 'whatsapp', 'Hello, we''ve received your request to verify a land title document in Nakuru. 
   We''ll review the details and get back to you soon. 
   Please ensure all documents are ready for a smooth process.', 23, '+254794775969', '', '2026-05-21 03:04:34.412875+05:30');
INSERT INTO public.tasks_generatedmessage VALUES (41, 'email', 'Dear valued customer, 
   we are writing to confirm receipt of your request to send 50,000 to your brother in Mombasa. 
   As the risk level of this transaction is low, we are proceeding with the transfer. 
   You will receive a confirmation email once the transaction is complete. 
   Thank you for choosing our services.', 24, '', '', NULL);
INSERT INTO public.tasks_generatedmessage VALUES (42, 'sms', 'Transfer of 50,000 to brother in Mombasa processing', 24, '', '', NULL);
INSERT INTO public.tasks_generatedmessage VALUES (12, 'sms', 'Vunoh: Transfer confirmed. Driver James, Toyota KBZ 412X, JKIA T1A Arrivals. Ref VNH-2026-AT004.', 103, '', '', NULL);
INSERT INTO public.tasks_generatedmessage VALUES (40, 'whatsapp', 'Hey, we''ve got your request to send 50,000 to your brother in Mombasa. 
   We''re processing it now. 
   You''ll get a confirmation once it''s done.', 24, '+254711939367', '', '2026-05-21 03:05:41.2621+05:30');
INSERT INTO public.tasks_generatedmessage VALUES (43, 'whatsapp', 'Hi, thanks for reaching out to Vunoh operations platform. We''re here to help with any questions you might have. What would you like to know about our services?', 25, '', '', NULL);
INSERT INTO public.tasks_generatedmessage VALUES (44, 'email', 'Dear Customer,

Thank you for your inquiry. We appreciate your interest in Vunoh operations platform and are happy to provide more information about our services. If you could provide more details about your query, we would be more than happy to assist you.

Best regards, Vunoh Support Team', 25, '', '', NULL);
INSERT INTO public.tasks_generatedmessage VALUES (45, 'sms', 'Vunoh: We''ve received your inquiry. Reply to this message or email us for assistance.', 25, '', '', NULL);
INSERT INTO public.tasks_generatedmessage VALUES (1, 'whatsapp', 'Hi! Your transfer of KES 15,000 to your mother in Kisumu has been processed successfully.

Transaction reference: VNH-2026-SM001
Recipient will receive funds via M-Pesa within 5 minutes.

Is there anything else we can help you with?', 100, '', '', NULL);
INSERT INTO public.tasks_generatedmessage VALUES (2, 'email', 'Dear Valued Customer,

We are pleased to confirm that your money transfer request has been successfully processed.

Transaction Details:
- Amount: KES 15,000
- Recipient: Your mother, Kisumu
- Reference: VNH-2026-SM001
- Estimated delivery: Within 5 minutes via M-Pesa

If you have any questions or concerns, please do not hesitate to contact our support team.

Warm regards,
Vunoh Financial Services', 100, '', '', NULL);
INSERT INTO public.tasks_generatedmessage VALUES (4, 'whatsapp', 'Hi! We''ve received your request to verify land title NKR/TATU/4521 in Nakuru. ⚠️ Due to its complexity, this has been escalated to our Legal & Compliance team.

Expected turnaround: 2–3 business days.
Ref: VNH-2026-VD002

We''ll update you as soon as we have a result.', 101, '', '', NULL);
INSERT INTO public.tasks_generatedmessage VALUES (5, 'email', 'Dear Valued Customer,

Thank you for submitting your document verification request.

Verification Details:
- Document: Land Title NKR/TATU/4521
- Location: Nakuru, Kenya
- Reference: VNH-2026-VD002
- Assigned Team: Legal & Compliance

Due to the complexity of this land title verification, our Legal & Compliance team has been assigned to handle your request personally. You can expect a detailed update within 2–3 business days.

If you have supporting documents or additional information, please reply to this email at your earliest convenience.

Warm regards,
Vunoh Financial Services', 101, '', '', NULL);
INSERT INTO public.tasks_generatedmessage VALUES (6, 'sms', 'Vunoh: Title NKR/TATU/4521 escalated to Legal. ETA 2-3 days. Ref VNH-2026-VD002.', 101, '', '', NULL);
INSERT INTO public.tasks_generatedmessage VALUES (7, 'whatsapp', 'Hey! 🔧 We''ve got your plumber request for Nyali, Mombasa. A verified technician is being dispatched — estimated arrival in 45 minutes.

You''ll receive the plumber''s contact details shortly.
Ref: VNH-2026-HS003

Stay safe and keep the area clear of water if possible!', 102, '', '', NULL);
INSERT INTO public.tasks_generatedmessage VALUES (8, 'email', 'Dear Valued Customer,

Your service request has been confirmed and a technician dispatched.

Service Details:
- Service Type: Emergency Plumbing
- Location: Nyali, Mombasa
- Reference: VNH-2026-HS003
- Estimated Arrival: 45 minutes
- Assigned: Kariuki Plumbing Services

Our Operations team will share the technician''s direct contact number within the next 10 minutes. Payment is processed after service completion.

Warm regards,
Vunoh Operations Team', 102, '', '', NULL);
INSERT INTO public.tasks_generatedmessage VALUES (9, 'sms', 'Vunoh: Plumber dispatched to Nyali, Mombasa. ETA 45min. Contact coming. Ref VNH-2026-HS003.', 102, '', '', NULL);
INSERT INTO public.tasks_generatedmessage VALUES (10, 'whatsapp', 'Hello! ✈️ Your JKIA airport transfer is confirmed for 3 passengers + 4 bags.

Driver: James Mwangi
Vehicle: Toyota Hiace — KBZ 412X
Pickup: Arrivals Terminal 1A
ETA to vehicle: 15 min after landing

Ref: VNH-2026-AT004. Safe travels to your parents!', 103, '', '', NULL);
INSERT INTO public.tasks_generatedmessage VALUES (13, 'whatsapp', 'Hi! Here''s your account summary as of today:

💰 Balance: KES 47,320.00
📈 GBP/KES: 163.80 | USD/KES: 129.40
📅 Last transaction cleared: 20 May 2026

Ref: VNH-2026-GI005. Anything else I can help with?', 104, '', '', NULL);
INSERT INTO public.tasks_generatedmessage VALUES (14, 'email', 'Dear Valued Customer,

Please find your account summary as requested.

Account Information:
- Current Balance: KES 47,320.00
- Last Transaction Cleared: 20 May 2026

Current Exchange Rates (live as of today):
- GBP to KES: 163.80
- USD to KES: 129.40
- EUR to KES: 140.20

Reference: VNH-2026-GI005

Rates are indicative and subject to change at the time of transaction. For further enquiries, please contact our support team.

Warm regards,
Vunoh Financial Services', 104, '', '', NULL);
INSERT INTO public.tasks_generatedmessage VALUES (15, 'sms', 'Vunoh: Bal KES 47,320. GBP/KES 163.80, USD/KES 129.40. Last txn 20 May. Ref VNH-2026-GI005.', 104, '', '', NULL);
INSERT INTO public.tasks_generatedmessage VALUES (46, 'whatsapp', 'Hi, thanks for reaching out. We''re here to help with any questions you have. What''s on your mind today? 
   We''ll do our best to provide a helpful answer.', 105, '', '', NULL);
INSERT INTO public.tasks_generatedmessage VALUES (47, 'email', 'Dear Customer,
   We appreciate your interest in Vunoh operations platform and are happy to address any inquiries you may have. 
   Please let us know how we can assist you today.
   Best regards, Vunoh Support Team', 105, '', '', NULL);
INSERT INTO public.tasks_generatedmessage VALUES (48, 'sms', 'Vunoh: We''ve received your inquiry, help on the way', 105, '', '', NULL);
INSERT INTO public.tasks_generatedmessage VALUES (49, 'whatsapp', 'We''ve received your request to send money to your family. 
   This is a low-risk transaction and we''re processing it now. 
   You''ll get a confirmation once it''s done.', 106, '', '', NULL);
INSERT INTO public.tasks_generatedmessage VALUES (50, 'email', 'Dear Customer, 
   We are writing to inform you that we have received your request to send money to your family. 
   As this is a low-risk transaction, we are proceeding with the processing. 
   You will receive a confirmation once the transaction is completed. 
   Best regards, Vunoh Operations Team', 106, '', '', NULL);
INSERT INTO public.tasks_generatedmessage VALUES (51, 'sms', 'Money sent to family', 106, '', '', NULL);
INSERT INTO public.tasks_generatedmessage VALUES (52, 'whatsapp', 'We''ve got your request to send money to your family. 
   This is a low-risk transaction, so it should be processed quickly. 
   You''ll get a confirmation once it''s done.', 107, '', '', NULL);
INSERT INTO public.tasks_generatedmessage VALUES (53, 'email', 'Dear valued customer, 
   we are writing to inform you that we have received your request to send money to your family. 
   As this is a low-risk transaction, we anticipate that it will be processed promptly. 
   You will receive a confirmation notification once the transaction has been completed. 
   Thank you for using our services. 
   Best regards, Vunoh Operations Team', 107, '', '', NULL);
INSERT INTO public.tasks_generatedmessage VALUES (54, 'sms', 'Money sent to family. Confirmation pending.', 107, '', '', NULL);
INSERT INTO public.tasks_generatedmessage VALUES (55, 'whatsapp', 'Hi, we''re reviewing your land title document. 
   This is part of our verification process. 
   We''ll be in touch once it''s complete.', 108, '', '', NULL);
INSERT INTO public.tasks_generatedmessage VALUES (56, 'email', 'Dear valued customer, 
   we are currently verifying the land title document you submitted as part of our standard procedure. 
   Please be assured that we prioritize the security and confidentiality of your information. 
   We will notify you once the verification is complete.
   Best regards, Vunoh Operations Team', 108, '', '', NULL);
INSERT INTO public.tasks_generatedmessage VALUES (57, 'sms', 'Land title verification in progress', 108, '', '', NULL);
INSERT INTO public.tasks_generatedmessage VALUES (58, 'whatsapp', 'Hi, we''ve received your request to send money to the plumber. 
   The transaction is low risk and we just need to confirm a few details. 
   Can you please verify the title document of the recipient?', 110, '', '', NULL);
INSERT INTO public.tasks_generatedmessage VALUES (59, 'email', 'Dear valued customer, 
   we are writing to inform you that we have received your request to send money to the plumber. 
   As per our records, the transaction has been classified as low risk. 
   To proceed, we require verification of the recipient''s title document. 
   Please let us know if you have any questions or concerns. 
   Best regards, Vunoh Operations Team', 110, '', '', NULL);
INSERT INTO public.tasks_generatedmessage VALUES (60, 'sms', 'Send money to plumber: low risk, confirm title document', 110, '', '', NULL);
INSERT INTO public.tasks_generatedmessage VALUES (61, 'whatsapp', 'Hi, we''ve received your request to hire a plumber in Nairobi. 
   We''ll connect you with a reliable professional soon. 
   Please expect a call to discuss details.', 111, '', '', NULL);
INSERT INTO public.tasks_generatedmessage VALUES (62, 'email', 'Dear Customer,
   Re: Hiring a Plumber in Nairobi
   We are pleased to inform you that we have received your request to hire a plumber in Nairobi. Our team will promptly connect you with a reliable professional. You will receive a call shortly to discuss the details of the service.
   Thank you for choosing our platform.
   Best regards, Vunoh Operations', 111, '', '', NULL);
INSERT INTO public.tasks_generatedmessage VALUES (63, 'sms', 'Plumber hired in Nairobi. Expect a call soon.', 111, '', '', NULL);
INSERT INTO public.tasks_generatedmessage VALUES (64, 'whatsapp', 'Hey, we''ve got your request to send 50,000 to your brother in Mombasa. 
   We''re processing it now. You''ll get a confirmation once it''s done.', 112, '', '', NULL);
INSERT INTO public.tasks_generatedmessage VALUES (65, 'email', 'Dear Customer,
   Re: Money Transfer Request
   We are writing to confirm receipt of your request to send 50,000 to your brother in Mombasa. 
   Our system has flagged this transaction as low risk and we are proceeding with the transfer.
   You will receive a confirmation email once the transaction is complete.
   Best regards, Vunoh Operations', 112, '', '', NULL);
INSERT INTO public.tasks_generatedmessage VALUES (66, 'sms', 'Transfer of 50,000 to brother in Mombasa initiated', 112, '', '', NULL);
INSERT INTO public.tasks_generatedmessage VALUES (67, 'whatsapp', 'Hey, just a heads up, we''ve got your request to send $100,000 to your cousin. 
   We''re reviewing it now. 
   Since it''s a family transfer, we''ll make sure it goes through smoothly.', 113, '', '', NULL);
INSERT INTO public.tasks_generatedmessage VALUES (68, 'email', 'Dear valued customer, 
   we are writing to confirm receipt of your request to send $100,000 to your cousin. 
   As this transfer is to a family member, we have categorized it as low risk and will process it accordingly. 
   Please be assured that we are taking all necessary steps to ensure the transaction is completed securely and efficiently.
   Thank you for choosing our services.
   Best regards, Vunoh Operations Team', 113, '', '', NULL);
INSERT INTO public.tasks_generatedmessage VALUES (69, 'sms', 'Transfer to cousin: $100,000, processing', 113, '', '', NULL);
INSERT INTO public.tasks_generatedmessage VALUES (70, 'whatsapp', 'You''re about to send $2000 to Kindergarten. 
Is this a one-time donation or a regular payment? 
Let us know if you need any help with the transfer.', 114, '', '', NULL);
INSERT INTO public.tasks_generatedmessage VALUES (71, 'email', 'Dear valued customer,
We have received your request to send $2000 to Kindergarten. 
As this is a low-risk transaction, we will proceed with the transfer shortly. 
Please note that you will receive a confirmation once the transaction is complete.
Best regards, Vunoh Operations Team', 114, '', '', NULL);
INSERT INTO public.tasks_generatedmessage VALUES (72, 'sms', 'Sent $2000 to Kindergarten', 114, '', '', NULL);
INSERT INTO public.tasks_generatedmessage VALUES (73, 'whatsapp', 'Hey, we''ve got your request to send 50,000 to your nephew. 
   This is a low-risk transaction, so it should go through smoothly. 
   We''ll let you know once it''s done.', 115, '', '', NULL);
INSERT INTO public.tasks_generatedmessage VALUES (74, 'email', 'Dear valued customer, 
   we are writing to confirm receipt of your request to send 50,000 to your nephew. 
   As this transaction has been assessed as low-risk, we anticipate no issues with its processing. 
   You will receive a notification once the transaction is complete. 
   Best regards, Vunoh Operations Team', 115, '', '', NULL);
INSERT INTO public.tasks_generatedmessage VALUES (75, 'sms', 'Transaction to nephew: 50,000. Processing...', 115, '', '', NULL);
INSERT INTO public.tasks_generatedmessage VALUES (76, 'whatsapp', 'Hi, we''ve received your airport transfer request from JKIA for 3 passengers. 
   We''ll arrange a suitable vehicle for you. 
   You''ll receive a confirmation message with the driver''s details and pickup time shortly.', 116, '', '', NULL);
INSERT INTO public.tasks_generatedmessage VALUES (77, 'email', 'Dear Customer, 
   We are writing to confirm receipt of your airport transfer request from Jomo Kenyatta International Airport (JKIA) for 3 passengers. 
   Our team is working on arranging a suitable vehicle for your travel needs. 
   You will receive a separate email with the driver''s details and pickup time once the arrangement is confirmed.
   Best regards, Vunoh Operations Team', 116, '', '', NULL);
INSERT INTO public.tasks_generatedmessage VALUES (78, 'sms', 'JKIA transfer for 3 confirmed', 116, '', '', NULL);
INSERT INTO public.tasks_generatedmessage VALUES (79, 'whatsapp', 'Hi, thanks for reaching out. We''re here to help with any questions you have. What''s on your mind?', 117, '', '', NULL);
INSERT INTO public.tasks_generatedmessage VALUES (80, 'email', 'Dear Customer,

We appreciate your interest in our operations platform and would be happy to address any inquiries you may have. Please feel free to share more details about your question, and we will do our best to provide a helpful response.

Best regards, Vunoh Support Team', 117, '', '', NULL);
INSERT INTO public.tasks_generatedmessage VALUES (81, 'sms', 'Vunoh: We''ve received your inquiry. Someone will be in touch soon.', 117, '', '', NULL);
INSERT INTO public.tasks_generatedmessage VALUES (82, 'whatsapp', 'Hi, thanks for reaching out to us about your title document. 
   We''re here to help with any questions or concerns you might have. 
   Could you please provide more details about your inquiry?', 118, '', '', NULL);
INSERT INTO public.tasks_generatedmessage VALUES (83, 'email', 'Dear Customer,
   Re: General Inquiry about Title Document
   We appreciate your interest in inquiring about your title document. 
   Our team is ready to assist you with any questions or concerns you may have. 
   Please provide us with more information regarding your inquiry so we can better support you.
   Best regards, Vunoh Operations Team', 118, '', '', NULL);
INSERT INTO public.tasks_generatedmessage VALUES (84, 'sms', 'Title doc inquiry received, reply to this msg for assistance', 118, '', '', NULL);


--
-- Data for Name: tasks_statushistory; Type: TABLE DATA; Schema: public; Owner: -
--

INSERT INTO public.tasks_statushistory VALUES (9, 'in_progress', 'rejected', '2026-05-20 03:52:56.95029+05:30', 'Request is unrelated to Vunoh''s services.', 10);
INSERT INTO public.tasks_statushistory VALUES (10, 'in_progress', 'rejected', '2026-05-20 04:17:30.314556+05:30', 'The request does not match any of the five operational request types.', 11);
INSERT INTO public.tasks_statushistory VALUES (11, 'in_progress', 'rejected', '2026-05-20 04:18:16.663257+05:30', 'Request is for booking a trip, which is outside of Vunoh''s services.', 12);
INSERT INTO public.tasks_statushistory VALUES (12, 'in_progress', 'rejected', '2026-05-20 04:18:46.706423+05:30', 'Request is for booking a trip, which is outside of Vunoh''s services.', 13);
INSERT INTO public.tasks_statushistory VALUES (13, 'in_progress', 'completed', '2026-05-20 04:19:00.591672+05:30', '', 14);
INSERT INTO public.tasks_statushistory VALUES (14, 'in_progress', 'rejected', '2026-05-20 05:59:02.450618+05:30', 'The request is about purchasing a cake, which is unrelated to Vunoh''s services.', 15);
INSERT INTO public.tasks_statushistory VALUES (15, 'in_progress', 'completed', '2026-05-20 06:00:00.185744+05:30', '', 16);
INSERT INTO public.tasks_statushistory VALUES (16, 'in_progress', 'rejected', '2026-05-20 06:06:44.136335+05:30', 'Request is about verifying flats, which is not a Vunoh service.', 17);
INSERT INTO public.tasks_statushistory VALUES (17, 'in_progress', 'rejected', '2026-05-20 06:16:11.543353+05:30', 'Request for a funny cow is unrelated to Vunoh''s financial operations services', 18);
INSERT INTO public.tasks_statushistory VALUES (18, 'in_progress', 'rejected', '2026-05-20 06:16:44.630177+05:30', 'Loan requests are outside Vunoh''s services', 19);
INSERT INTO public.tasks_statushistory VALUES (19, 'in_progress', 'completed', '2026-05-20 06:17:35.931901+05:30', '', 20);
INSERT INTO public.tasks_statushistory VALUES (20, 'in_progress', 'completed', '2026-05-20 06:19:04.712537+05:30', '', 21);
INSERT INTO public.tasks_statushistory VALUES (21, 'in_progress', 'completed', '2026-05-21 03:01:13.327483+05:30', '', 22);
INSERT INTO public.tasks_statushistory VALUES (22, 'in_progress', 'completed', '2026-05-21 03:04:01.848408+05:30', '', 23);
INSERT INTO public.tasks_statushistory VALUES (23, 'in_progress', 'completed', '2026-05-21 03:05:20.691401+05:30', '', 24);
INSERT INTO public.tasks_statushistory VALUES (24, 'in_progress', 'completed', '2026-05-21 03:23:45.594474+05:30', '', 25);
INSERT INTO public.tasks_statushistory VALUES (1, 'pending', 'in_progress', '2026-05-19 10:45:01+05:30', 'AI pipeline started', 100);
INSERT INTO public.tasks_statushistory VALUES (2, 'in_progress', 'completed', '2026-05-19 10:45:03+05:30', 'Pipeline completed. Transfer disbursed.', 100);
INSERT INTO public.tasks_statushistory VALUES (3, 'pending', 'in_progress', '2026-05-19 12:00:01+05:30', 'AI pipeline started', 101);
INSERT INTO public.tasks_statushistory VALUES (4, 'in_progress', 'completed', '2026-05-19 12:00:04+05:30', 'Escalated to Legal & Compliance for manual review.', 101);
INSERT INTO public.tasks_statushistory VALUES (5, 'pending', 'in_progress', '2026-05-19 13:15:01+05:30', 'AI pipeline started', 102);
INSERT INTO public.tasks_statushistory VALUES (6, 'pending', 'in_progress', '2026-05-19 13:30:02+05:30', 'Driver allocation in progress', 103);
INSERT INTO public.tasks_statushistory VALUES (7, 'pending', 'in_progress', '2026-05-19 14:30:01+05:30', 'AI pipeline started', 104);
INSERT INTO public.tasks_statushistory VALUES (8, 'in_progress', 'completed', '2026-05-19 14:30:02+05:30', 'Account summary and exchange rates delivered.', 104);
INSERT INTO public.tasks_statushistory VALUES (25, 'in_progress', 'completed', '2026-05-21 06:10:43.321213+05:30', '', 105);
INSERT INTO public.tasks_statushistory VALUES (26, 'in_progress', 'completed', '2026-05-21 06:11:31.861315+05:30', '', 106);
INSERT INTO public.tasks_statushistory VALUES (27, 'in_progress', 'completed', '2026-05-21 06:14:34.008012+05:30', '', 107);
INSERT INTO public.tasks_statushistory VALUES (28, 'in_progress', 'completed', '2026-05-21 06:15:36.470727+05:30', '', 108);
INSERT INTO public.tasks_statushistory VALUES (29, 'in_progress', 'rejected', '2026-05-21 06:16:25.547396+05:30', 'Task risk assessment is outside Vunoh''s services', 109);
INSERT INTO public.tasks_statushistory VALUES (30, 'in_progress', 'completed', '2026-05-21 06:17:08.810889+05:30', '', 110);
INSERT INTO public.tasks_statushistory VALUES (31, 'completed', 'in_progress', '2026-05-21 06:18:54.056754+05:30', '', 110);
INSERT INTO public.tasks_statushistory VALUES (32, 'completed', 'pending', '2026-05-21 18:25:54.196158+05:30', '', 105);
INSERT INTO public.tasks_statushistory VALUES (33, 'in_progress', 'completed', '2026-05-21 18:29:41.656346+05:30', '', 110);
INSERT INTO public.tasks_statushistory VALUES (34, 'in_progress', 'completed', '2026-05-21 18:56:16.33788+05:30', '', 111);
INSERT INTO public.tasks_statushistory VALUES (35, 'in_progress', 'completed', '2026-05-21 19:07:41.808254+05:30', '', 112);
INSERT INTO public.tasks_statushistory VALUES (36, 'in_progress', 'completed', '2026-05-21 21:09:17.097571+05:30', '', 113);
INSERT INTO public.tasks_statushistory VALUES (37, 'in_progress', 'completed', '2026-05-21 21:11:01.588074+05:30', '', 114);
INSERT INTO public.tasks_statushistory VALUES (38, 'in_progress', 'completed', '2026-05-21 21:17:54.691893+05:30', 'Auto-completed: all workflow steps checked off by ops team.', 115);


--
-- Data for Name: tasks_task; Type: TABLE DATA; Schema: public; Owner: -
--

INSERT INTO public.tasks_task VALUES (1, 'VNH-2026-QN4O2', 'I need to send KES 15000 to my mother in Kisumu urgently, she needs it for hospital bills', '', 'pending', NULL, '', '[]', '[]', false, '{}', '', NULL, '', '', '2026-05-20 02:18:34.21273+05:30', '2026-05-20 02:18:34.212749+05:30', '');
INSERT INTO public.tasks_task VALUES (14, 'VNH-2026-U2M87', 'What is the status of my account balance?', 'general_inquiry', 'completed', 0, 'low', '[]', '[]', false, '{}', 'low', 0.8, 'Support Team', '', '2026-05-20 04:18:58.717596+05:30', '2026-05-20 04:19:00.58578+05:30', '');
INSERT INTO public.tasks_task VALUES (2, 'VNH-2026-VRODK', 'I need to send KES 15000 to my mother in Kisumu urgently, she needs it for hospital bills', 'send_money', 'completed', 10, 'low', '["urgent_request"]', '["Urgency increases fraud risk"]', false, '{"amount": 15000, "location": "Kisumu", "recipient": "mother"}', 'high', 0.9, 'Finance Team', '', '2026-05-20 02:24:19.904636+05:30', '2026-05-20 02:24:35.381788+05:30', '');
INSERT INTO public.tasks_task VALUES (3, 'VNH-2026-4ZNPJ', 'I need to send KES 15000 to my mother in Kisumu urgently, she needs it for hospital bills', 'send_money', 'completed', 10, 'low', '["urgent_request"]', '["Urgency increases fraud risk"]', false, '{"amount": 15000, "location": "Kisumu", "recipient": "mother"}', 'high', 0.9, 'Finance Team', '', '2026-05-20 02:24:46.591248+05:30', '2026-05-20 02:24:48.186025+05:30', '');
INSERT INTO public.tasks_task VALUES (4, 'VNH-2026-TGBXG', 'Airport pickup from JKIA for 3 passengers tomorrow', 'airport_transfer', 'completed', 0, 'low', '[]', '[]', false, '{"location": "JKIA", "recipient": "3 passengers"}', 'medium', 0.9, 'Logistics Team', '', '2026-05-20 02:38:19.791045+05:30', '2026-05-20 02:38:21.878919+05:30', '');
INSERT INTO public.tasks_task VALUES (15, 'VNH-2026-70W2X', 'I need to spend 20000 KES on a cake fot my MOtHer, and her sistu', '', 'rejected', NULL, '', '[]', '[]', false, '{}', '', NULL, '', 'The request is about purchasing a cake, which is unrelated to Vunoh''s services.', '2026-05-20 05:59:01.356832+05:30', '2026-05-20 05:59:02.448676+05:30', '');
INSERT INTO public.tasks_task VALUES (5, 'VNH-2026-RPTEO', 'Airport pickup from JKIA for 3 passengers tomorrow take them to karen with an uber make sure uber xl', 'airport_transfer', 'completed', 10, 'low', '["urgent_request"]', '["Urgency increases fraud risk"]', false, '{"location": "JKIA", "recipient": "3 passengers", "destination": "karen", "vehicle_type": "uber xl"}', 'high', 0.9, 'Logistics Team', '', '2026-05-20 02:40:14.585087+05:30', '2026-05-20 02:40:16.56375+05:30', '');
INSERT INTO public.tasks_task VALUES (6, 'VNH-2026-MU35E', 'I would like to go to Geneva switzerland on a flight,I want a 1000ksh flight ticket', 'airport_transfer', 'completed', 0, 'low', '[]', '[]', false, '{"amount": 1000, "location": "Geneva"}', 'medium', 0.8, 'Logistics Team', '', '2026-05-20 02:44:54.367511+05:30', '2026-05-20 02:44:55.909963+05:30', '');
INSERT INTO public.tasks_task VALUES (101, 'VNH-2026-VD002', 'I need to verify my land title deed for a property in Nakuru. The title number is NKR/TATU/4521. I want to confirm there are no encumbrances before I sell.', 'verify_document', 'completed', 75, 'high', '["document_verification", "high_value_asset"]', '["Document verification carries elevated fraud risk", "Land title transfers are high-value transactions", "Manual verification required with Lands Registry"]', true, '{"location": "Nakuru", "reference": "NKR/TATU/4521", "document_type": "land title"}', 'medium', 0.88, 'Legal & Compliance', '', '2026-05-19 12:00:00+05:30', '2026-05-19 12:00:04+05:30', '');
INSERT INTO public.tasks_task VALUES (7, 'VNH-2026-2A15V', 'Write me a poem about Nairobi', 'general_inquiry', 'completed', 0, 'low', '[]', '[]', false, '{"location": "Nairobi"}', 'low', 0.8, 'Support Team', '', '2026-05-20 03:26:50.048443+05:30', '2026-05-20 03:26:52.061647+05:30', '');
INSERT INTO public.tasks_task VALUES (16, 'VNH-2026-DA40Z', 'Verify land title for our property in Nakuru', 'verify_document', 'completed', 35, 'medium', '["document_verification"]', '["Document verification is a high-risk operation"]', false, '{"location": "Nakuru", "document_type": "land title"}', 'medium', 0.9, 'Legal Team', '', '2026-05-20 05:59:57.840088+05:30', '2026-05-20 06:00:00.178272+05:30', '');
INSERT INTO public.tasks_task VALUES (8, 'VNH-2026-PVMQL', 'Write me a poem about Nairobi', '', 'rejected', NULL, '', '[]', '[]', false, '{}', '', NULL, '', 'The request is for creative writing, which is outside Vunoh''s operational scope.', '2026-05-20 03:32:44.933384+05:30', '2026-05-20 03:32:45.781742+05:30', '');
INSERT INTO public.tasks_task VALUES (9, 'VNH-2026-1Z9J4', 'What is the current USD to KES exchange rate?', 'general_inquiry', 'completed', 0, 'low', '[]', '[]', false, '{}', 'low', 0.8, 'Support Team', '', '2026-05-20 03:33:54.929337+05:30', '2026-05-20 03:33:57.022685+05:30', '');
INSERT INTO public.tasks_task VALUES (21, 'VNH-2026-E83AA', 'cousin flying into kenya assist', 'airport_transfer', 'completed', 0, 'low', '[]', '[]', false, '{"location": "Kenya", "recipient": "cousin"}', 'medium', 0.8, 'Logistics Team', '', '2026-05-20 06:19:02.577779+05:30', '2026-05-20 06:19:04.707213+05:30', 'Interpreted as an airport transfer request');
INSERT INTO public.tasks_task VALUES (10, 'VNH-2026-R1TFE', 'I want a cow', '', 'rejected', NULL, '', '[]', '[]', false, '{}', '', NULL, '', 'Request is unrelated to Vunoh''s services.', '2026-05-20 03:52:56.368977+05:30', '2026-05-20 03:52:56.942947+05:30', '');
INSERT INTO public.tasks_task VALUES (17, 'VNH-2026-BWIWO', 'verify all the flats we have in namanga', '', 'rejected', NULL, '', '[]', '[]', false, '{}', '', NULL, '', 'Request is about verifying flats, which is not a Vunoh service.', '2026-05-20 06:06:43.698996+05:30', '2026-05-20 06:06:44.134997+05:30', '');
INSERT INTO public.tasks_task VALUES (11, 'VNH-2026-1MYDS', 'rejected', '', 'rejected', NULL, '', '[]', '[]', false, '{}', '', NULL, '', 'The request does not match any of the five operational request types.', '2026-05-20 04:17:29.608715+05:30', '2026-05-20 04:17:30.312167+05:30', '');
INSERT INTO public.tasks_task VALUES (12, 'VNH-2026-PL98N', 'book for me a trip to maldives i HAVE 10000USD', '', 'rejected', NULL, '', '[]', '[]', false, '{}', '', NULL, '', 'Request is for booking a trip, which is outside of Vunoh''s services.', '2026-05-20 04:18:16.226362+05:30', '2026-05-20 04:18:16.656313+05:30', '');
INSERT INTO public.tasks_task VALUES (13, 'VNH-2026-VBC0O', 'Book a trip to maasai maara', '', 'rejected', NULL, '', '[]', '[]', false, '{}', '', NULL, '', 'Request is for booking a trip, which is outside of Vunoh''s services.', '2026-05-20 04:18:46.263559+05:30', '2026-05-20 04:18:46.699315+05:30', '');
INSERT INTO public.tasks_task VALUES (25, 'VNH-2026-GI8RY', 'I need help with my house', 'general_inquiry', 'completed', 0, 'low', '[]', '[]', false, '{}', 'low', 0.8, 'Support Team', '', '2026-05-21 03:23:43.603201+05:30', '2026-05-21 03:23:45.590673+05:30', 'Interpreted as hiring a home service worker (hire_service)');
INSERT INTO public.tasks_task VALUES (18, 'VNH-2026-QHTXA', 'I need a funny cow', '', 'rejected', NULL, '', '[]', '[]', false, '{}', '', NULL, '', 'Request for a funny cow is unrelated to Vunoh''s financial operations services', '2026-05-20 06:16:10.625921+05:30', '2026-05-20 06:16:11.541168+05:30', '');
INSERT INTO public.tasks_task VALUES (24, 'VNH-2026-MD5Y7', 'Send KES 50,000 to my brother in Mombasa', 'send_money', 'completed', 0, 'low', '[]', '[]', false, '{"amount": 50000, "location": "Mombasa", "recipient": "brother"}', 'low', 0.9, 'Finance Team', '', '2026-05-21 03:05:18.686241+05:30', '2026-05-21 03:05:20.685695+05:30', 'Interpreted as a money transfer (send_money)');
INSERT INTO public.tasks_task VALUES (19, 'VNH-2026-F1J8V', 'I need a 20000 KES loan for housing', '', 'rejected', NULL, '', '[]', '[]', false, '{}', '', NULL, '', 'Loan requests are outside Vunoh''s services', '2026-05-20 06:16:44.188329+05:30', '2026-05-20 06:16:44.623079+05:30', '');
INSERT INTO public.tasks_task VALUES (22, 'VNH-2026-464XH', 'What is the status of my account balance?', 'general_inquiry', 'completed', 0, 'low', '[]', '[]', false, '{}', 'low', 0.8, 'Support Team', '', '2026-05-21 03:01:10.741502+05:30', '2026-05-21 03:01:13.307711+05:30', 'Interpreted as a general inquiry about account balance');
INSERT INTO public.tasks_task VALUES (20, 'VNH-2026-8SS24', 'I need to hire a carpenter', 'hire_service', 'completed', 0, 'low', '[]', '[]', false, '{"amount": null, "location": null, "recipient": null, "service_type": "carpenter", "document_type": null}', 'low', 0.8, 'Operations Team', '', '2026-05-20 06:17:33.485045+05:30', '2026-05-20 06:17:35.926541+05:30', 'Interpreted as hiring a tradesperson (hire_service)');
INSERT INTO public.tasks_task VALUES (100, 'VNH-2026-SM001', 'I need to send KES 15,000 to my mother in Kisumu urgently. She needs it for hospital bills today.', 'send_money', 'completed', 10, 'low', '["urgent_request"]', '["Urgency flag raised but amount is within normal range", "Returning customer with good history"]', false, '{"amount": "15000", "urgency": "high", "location": "Kisumu", "recipient": "mother"}', 'high', 0.95, 'Finance Team', '', '2026-05-19 10:45:00+05:30', '2026-05-19 10:45:03+05:30', '');
INSERT INTO public.tasks_task VALUES (23, 'VNH-2026-G3LTO', 'Verify land title for our property in Nakuru', 'verify_document', 'completed', 35, 'medium', '["document_verification"]', '["Document verification is a high-risk operation"]', false, '{"location": "Nakuru", "document_type": "land title"}', 'medium', 0.9, 'Legal Team', '', '2026-05-21 03:03:58.517603+05:30', '2026-05-21 03:04:01.840326+05:30', 'Interpreted as a document verification request (verify_document) for a land title deed');
INSERT INTO public.tasks_task VALUES (102, 'VNH-2026-HS003', 'I need a reliable plumber in Mombasa, Nyali area. The kitchen sink pipe burst and the whole apartment is flooding. Need someone within the next 2 hours.', 'hire_service', 'in_progress', 20, 'low', '["urgent_request"]', '["Standard service hire", "Urgency noted but no financial risk indicators"]', false, '{"urgency": "within 2 hours", "location": "Mombasa, Nyali", "service_type": "plumber"}', 'high', 0.92, 'Field Operations', '', '2026-05-19 13:15:00+05:30', '2026-05-19 13:15:02+05:30', '');
INSERT INTO public.tasks_task VALUES (103, 'VNH-2026-AT004', 'My parents are arriving at JKIA on Friday, KQ101 from London, landing at 06:30. I need a vehicle for 3 passengers plus 4 large suitcases. They are elderly so please a comfortable ride to Westlands.', 'airport_transfer', 'in_progress', 5, 'low', '[]', '["Routine airport transfer", "No financial risk indicators present"]', false, '{"flight": "KQ101", "airport": "JKIA", "arrival": "Friday 06:30", "passengers": "3", "destination": "Westlands"}', 'medium', 0.97, 'Logistics Team', '', '2026-05-19 13:30:00+05:30', '2026-05-19 13:30:01+05:30', '');
INSERT INTO public.tasks_task VALUES (104, 'VNH-2026-GI005', 'Hi, I just want to check my account balance and find out what the current exchange rate is for GBP to KES. Also when does my last transaction clear?', 'general_inquiry', 'completed', 0, 'low', '[]', '["Routine balance and rate inquiry", "No risk indicators"]', false, '{"currency_to": "KES", "inquiry_type": "balance and exchange rate", "currency_from": "GBP"}', 'low', 0.99, 'Customer Support', '', '2026-05-19 14:30:00+05:30', '2026-05-19 14:30:02+05:30', '');
INSERT INTO public.tasks_task VALUES (115, 'VNH-2026-LQWDH', 'Send 50000 KES to my nephew', 'send_money', 'completed', 15, 'low', '["financial_transaction", "round_amount_signal"]', '["Financial transfer — base risk applies", "Round amount is a common pre-negotiated fraud indicator"]', false, '{"amount": 50000, "recipient": "nephew", "recipient_relationship": "family"}', 'low', 0.9, 'Finance Team', '', '2026-05-21 21:14:40.767081+05:30', '2026-05-21 21:17:54.690486+05:30', 'Interpreted as a money transfer (send_money)');
INSERT INTO public.tasks_task VALUES (112, 'VNH-2026-7M9O3', 'Send KES 50,000 to my brother in Mombasa', 'send_money', 'in_progress', 15, 'low', '["financial_transaction", "round_amount_signal"]', '["Financial transfer — base risk applies", "Round amount is a common pre-negotiated fraud indicator"]', false, '{"amount": 50000, "location": "Mombasa", "recipient": "brother"}', 'low', 0.9, 'Finance Team', '', '2026-05-21 19:07:37.841245+05:30', '2026-05-21 19:07:41.795499+05:30', 'Interpreted as a money transfer (send_money)');
INSERT INTO public.tasks_task VALUES (106, 'VNH-2026-RD3OR', 'I need to send money to unknown in my family', 'send_money', 'completed', 0, 'low', '[]', '[]', false, '{"recipient": "family"}', 'low', 0.8, 'Finance Team', '', '2026-05-21 06:11:29.809754+05:30', '2026-05-21 06:11:31.855909+05:30', 'Interpreted as a money transfer (send_money) to a family member');
INSERT INTO public.tasks_task VALUES (107, 'VNH-2026-XXA7M', 'send money I need to family', 'send_money', 'completed', 0, 'low', '[]', '[]', false, '{"recipient": "family"}', 'medium', 0.8, 'Finance Team', '', '2026-05-21 06:14:31.986366+05:30', '2026-05-21 06:14:34.002003+05:30', 'Interpreted as a money transfer (send_money)');
INSERT INTO public.tasks_task VALUES (113, 'VNH-2026-SJK99', 'Send 100,000 KES to my cousin', 'send_money', 'completed', 15, 'low', '["financial_transaction", "round_amount_signal"]', '["Financial transfer — base risk applies", "Round amount is a common pre-negotiated fraud indicator"]', false, '{"amount": 100000, "recipient": "cousin", "recipient_relationship": "family"}', 'low', 0.9, 'Finance Team', '', '2026-05-21 21:09:12.332809+05:30', '2026-05-21 21:09:17.091546+05:30', 'Interpreted as a money transfer (send_money)');
INSERT INTO public.tasks_task VALUES (108, 'VNH-2026-LNOIB', 'verify land title', 'verify_document', 'completed', 35, 'medium', '["document_verification"]', '["Document verification is a high-risk operation"]', false, '{"document_type": "land title"}', 'low', 0.9, 'Legal Team', '', '2026-05-21 06:15:34.387151+05:30', '2026-05-21 06:15:36.464932+05:30', 'Interpreted as a document verification request (verify_document) for a land title deed');
INSERT INTO public.tasks_task VALUES (109, 'VNH-2026-SCBQL', 'high risk task', '', 'rejected', NULL, '', '[]', '[]', false, '{}', '', NULL, '', 'Task risk assessment is outside Vunoh''s services', '2026-05-21 06:16:25.150099+05:30', '2026-05-21 06:16:25.54027+05:30', '');
INSERT INTO public.tasks_task VALUES (116, 'VNH-2026-L1FRZ', 'Airport pickup from JKIA for 3 passengers tomorrow', 'airport_transfer', 'in_progress', 0, 'low', '["logistics_only"]', '["Logistics operation — no direct financial transfer"]', false, '{"location": "JKIA", "passenger_count": 3}', 'medium', 0.9, 'Logistics Team', '', '2026-05-21 21:21:46.772273+05:30', '2026-05-21 21:21:50.537402+05:30', 'Interpreted as an airport transfer request');
INSERT INTO public.tasks_task VALUES (114, 'VNH-2026-Y00PA', 'send 2,000usd to Kindergarten schools fees', 'send_money', 'completed', 5, 'low', '["financial_transaction"]', '["Financial transfer — base risk applies"]', false, '{"amount": 2000, "recipient": "Kindergarten", "is_new_recipient": null, "destination_country": null, "recipient_relationship": null}', 'medium', 0.9, 'Finance Team', '', '2026-05-21 21:10:58.325826+05:30', '2026-05-21 21:11:01.581317+05:30', 'Interpreted as a money transfer (send_money) for paying school fees');
INSERT INTO public.tasks_task VALUES (105, 'VNH-2026-IG6LP', 'I need to check my account balance', 'general_inquiry', 'pending', 0, 'low', '[]', '[]', false, '{}', 'low', 0.8, 'Support Team', '', '2026-05-21 06:10:41.025191+05:30', '2026-05-21 18:25:54.213936+05:30', 'Interpreted as a general inquiry about account balance');
INSERT INTO public.tasks_task VALUES (110, 'VNH-2026-U1VTL', 'send money,title,plumber Airport,account balance', 'send_money', 'completed', 0, 'low', '[]', '[]', false, '{"recipient": "plumber", "document_type": "title"}', 'low', 0.7, 'Finance Team', '', '2026-05-21 06:17:06.508481+05:30', '2026-05-21 18:29:41.663821+05:30', 'Interpreted as multiple services: send_money, verify_document (title), hire_service (plumber), airport_transfer, and general_inquiry (account balance)');
INSERT INTO public.tasks_task VALUES (118, 'VNH-2026-DVNSL', 'I want to buy a house', 'general_inquiry', 'in_progress', 0, 'low', '["no_financial_transaction"]', '["Balance/rate inquiry — no funds at risk"]', false, '{"document_type": "title"}', 'low', 0.8, 'Support Team', '', '2026-05-22 00:38:45.902578+05:30', '2026-05-22 00:38:50.020602+05:30', 'Interpreted as a request to verify property documents (verify_document) for a house purchase');
INSERT INTO public.tasks_task VALUES (111, 'VNH-2026-0MTUS', 'Hire a plumber in Nairobi urgently', 'hire_service', 'completed', 25, 'low', '["service_transaction", "urgent_request"]', '["Service payment — minor financial exposure", "High urgency is the primary social engineering signal in diaspora fraud"]', false, '{"location": "Nairobi", "recipient": "plumber"}', 'high', 0.9, 'Operations Team', '', '2026-05-21 18:56:12.257514+05:30', '2026-05-21 18:56:16.275637+05:30', 'Interpreted as hiring a home service worker (hire_service) for plumbing services');
INSERT INTO public.tasks_task VALUES (117, 'VNH-2026-WVR7M', 'i want a house', 'general_inquiry', 'in_progress', 0, 'low', '["no_financial_transaction"]', '["Balance/rate inquiry — no funds at risk"]', false, '{}', 'low', 0.8, 'Support Team', '', '2026-05-22 00:36:04.071924+05:30', '2026-05-22 00:36:10.173031+05:30', 'Interpreted as hiring a service to find or acquire a house, possibly related to verify_document for title deeds or hire_service for real estate services');


--
-- Data for Name: tasks_taskoutcome; Type: TABLE DATA; Schema: public; Owner: -
--

INSERT INTO public.tasks_taskoutcome VALUES (1, '2026-05-21 18:29:41.669156+05:30', false, 'Finance Team', true, '', 110);
INSERT INTO public.tasks_taskoutcome VALUES (2, '2026-05-21 21:17:54.696632+05:30', false, 'Finance Team', true, 'All steps completed by ops team.', 115);


--
-- Data for Name: tasks_taskstep; Type: TABLE DATA; Schema: public; Owner: -
--

INSERT INTO public.tasks_taskstep VALUES (20, 2, 'Confirm vehicle type availability for Uber XL', false, 5);
INSERT INTO public.tasks_taskstep VALUES (21, 3, 'Assign driver and vehicle for JKIA pickup', false, 5);
INSERT INTO public.tasks_taskstep VALUES (22, 4, 'Coordinate pickup time and destination to Karen', false, 5);
INSERT INTO public.tasks_taskstep VALUES (23, 5, 'Track and monitor transfer status for quality assurance', false, 5);
INSERT INTO public.tasks_taskstep VALUES (24, 6, 'Update system with transfer completion and feedback', false, 5);
INSERT INTO public.tasks_taskstep VALUES (25, 1, 'Verify sender KYC', false, 6);
INSERT INTO public.tasks_taskstep VALUES (26, 2, 'Confirm recipient details', false, 6);
INSERT INTO public.tasks_taskstep VALUES (27, 3, 'Check transfer amount of 1000', false, 6);
INSERT INTO public.tasks_taskstep VALUES (28, 4, 'Validate location as Geneva', false, 6);
INSERT INTO public.tasks_taskstep VALUES (29, 5, 'Initiate airport transfer request', false, 6);
INSERT INTO public.tasks_taskstep VALUES (30, 6, 'Notify logistics team for pickup', false, 6);
INSERT INTO public.tasks_taskstep VALUES (31, 1, 'Assign inquiry to Nairobi regional team', false, 7);
INSERT INTO public.tasks_taskstep VALUES (32, 2, 'Verify customer contact information', false, 7);
INSERT INTO public.tasks_taskstep VALUES (33, 3, 'Route inquiry to relevant department', false, 7);
INSERT INTO public.tasks_taskstep VALUES (34, 4, 'Prepare response with location-specific information', false, 7);
INSERT INTO public.tasks_taskstep VALUES (35, 5, 'Review and approve response for accuracy', false, 7);
INSERT INTO public.tasks_taskstep VALUES (36, 6, 'Send response to customer via preferred channel', false, 7);
INSERT INTO public.tasks_taskstep VALUES (37, 1, 'Assign inquiry to customer support team', false, 9);
INSERT INTO public.tasks_taskstep VALUES (38, 2, 'Verify customer account status', false, 9);
INSERT INTO public.tasks_taskstep VALUES (39, 3, 'Gather relevant customer information', false, 9);
INSERT INTO public.tasks_taskstep VALUES (40, 4, 'Route inquiry to appropriate department', false, 9);
INSERT INTO public.tasks_taskstep VALUES (41, 5, 'Respond to customer with initial acknowledgement', false, 9);
INSERT INTO public.tasks_taskstep VALUES (42, 1, 'Assign inquiry to customer support team', false, 14);
INSERT INTO public.tasks_taskstep VALUES (43, 2, 'Verify customer account status', false, 14);
INSERT INTO public.tasks_taskstep VALUES (44, 3, 'Gather relevant customer information', false, 14);
INSERT INTO public.tasks_taskstep VALUES (45, 4, 'Route inquiry to appropriate department', false, 14);
INSERT INTO public.tasks_taskstep VALUES (46, 5, 'Respond to customer with initial acknowledgement', false, 14);
INSERT INTO public.tasks_taskstep VALUES (47, 1, 'Retrieve land title document from Nakuru database', false, 16);
INSERT INTO public.tasks_taskstep VALUES (48, 2, 'Verify document authenticity with Nakuru land registry', false, 16);
INSERT INTO public.tasks_taskstep VALUES (49, 3, 'Check for any outstanding liens or encumbrances', false, 16);
INSERT INTO public.tasks_taskstep VALUES (50, 4, 'Confirm document matches provided details', false, 16);
INSERT INTO public.tasks_taskstep VALUES (51, 5, 'Update document verification status in system', false, 16);
INSERT INTO public.tasks_taskstep VALUES (52, 1, 'Verify service request details', false, 20);
INSERT INTO public.tasks_taskstep VALUES (53, 2, 'Check availability of carpenter services', false, 20);
INSERT INTO public.tasks_taskstep VALUES (54, 3, 'Assign carpenter to the service request', false, 20);
INSERT INTO public.tasks_taskstep VALUES (55, 4, 'Confirm service schedule and details', false, 20);
INSERT INTO public.tasks_taskstep VALUES (56, 5, 'Notify assigned carpenter of the service request', false, 20);
INSERT INTO public.tasks_taskstep VALUES (57, 6, 'Update service request status to ''in progress''', false, 20);
INSERT INTO public.tasks_taskstep VALUES (58, 1, 'Verify recipient details', false, 21);
INSERT INTO public.tasks_taskstep VALUES (59, 2, 'Confirm transfer location in Kenya', false, 21);
INSERT INTO public.tasks_taskstep VALUES (60, 3, 'Assign driver for airport pickup', false, 21);
INSERT INTO public.tasks_taskstep VALUES (61, 4, 'Coordinate with local logistics team', false, 21);
INSERT INTO public.tasks_taskstep VALUES (62, 5, 'Track transfer status and update records', false, 21);
INSERT INTO public.tasks_taskstep VALUES (63, 6, 'Notify sender of successful transfer', false, 21);
INSERT INTO public.tasks_taskstep VALUES (64, 1, 'Assign inquiry to available support agent', false, 22);
INSERT INTO public.tasks_taskstep VALUES (65, 2, 'Verify customer account status', false, 22);
INSERT INTO public.tasks_taskstep VALUES (66, 3, 'Gather relevant customer information', false, 22);
INSERT INTO public.tasks_taskstep VALUES (67, 4, 'Route inquiry to appropriate department', false, 22);
INSERT INTO public.tasks_taskstep VALUES (68, 5, 'Respond to customer with initial acknowledgement', false, 22);
INSERT INTO public.tasks_taskstep VALUES (69, 1, 'Retrieve land title document from Nakuru database', false, 23);
INSERT INTO public.tasks_taskstep VALUES (70, 2, 'Verify document authenticity with Nakuru land registry', false, 23);
INSERT INTO public.tasks_taskstep VALUES (71, 3, 'Check for any outstanding liens or encumbrances', false, 23);
INSERT INTO public.tasks_taskstep VALUES (72, 4, 'Confirm document matches provided details', false, 23);
INSERT INTO public.tasks_taskstep VALUES (73, 5, 'Update document verification status in system', false, 23);
INSERT INTO public.tasks_taskstep VALUES (74, 6, 'Notify relevant parties of verification outcome', false, 23);
INSERT INTO public.tasks_taskstep VALUES (75, 1, 'Verify sender KYC', false, 24);
INSERT INTO public.tasks_taskstep VALUES (76, 2, 'Confirm recipient details', false, 24);
INSERT INTO public.tasks_taskstep VALUES (77, 3, 'Validate recipient''s location in Mombasa', false, 24);
INSERT INTO public.tasks_taskstep VALUES (78, 4, 'Check sender''s account balance for KES 50000', false, 24);
INSERT INTO public.tasks_taskstep VALUES (79, 5, 'Initiate transaction processing', false, 24);
INSERT INTO public.tasks_taskstep VALUES (80, 6, 'Notify sender of transaction status', false, 24);
INSERT INTO public.tasks_taskstep VALUES (81, 1, 'Assign inquiry to customer support agent', false, 25);
INSERT INTO public.tasks_taskstep VALUES (82, 2, 'Verify customer account status', false, 25);
INSERT INTO public.tasks_taskstep VALUES (83, 3, 'Gather relevant customer information', false, 25);
INSERT INTO public.tasks_taskstep VALUES (84, 4, 'Route inquiry to appropriate department', false, 25);
INSERT INTO public.tasks_taskstep VALUES (85, 5, 'Respond to customer with general information', false, 25);
INSERT INTO public.tasks_taskstep VALUES (1, 1, 'Verify sender KYC and account standing', true, 100);
INSERT INTO public.tasks_taskstep VALUES (2, 2, 'Confirm recipient mobile money details', true, 100);
INSERT INTO public.tasks_taskstep VALUES (3, 3, 'Check transfer limits and compliance flags', true, 100);
INSERT INTO public.tasks_taskstep VALUES (4, 4, 'Initiate M-Pesa disbursement to +254712345678', true, 100);
INSERT INTO public.tasks_taskstep VALUES (5, 5, 'Send confirmation to customer via WhatsApp', true, 100);
INSERT INTO public.tasks_taskstep VALUES (6, 1, 'Request original title deed from customer', true, 101);
INSERT INTO public.tasks_taskstep VALUES (7, 2, 'Submit search request to Lands Registry Nakuru', true, 101);
INSERT INTO public.tasks_taskstep VALUES (8, 3, 'Verify title against encumbrance register', true, 101);
INSERT INTO public.tasks_taskstep VALUES (9, 4, 'Escalate findings to Legal & Compliance officer for sign-off', true, 101);
INSERT INTO public.tasks_taskstep VALUES (10, 1, 'Identify available plumbers in Nyali area', true, 102);
INSERT INTO public.tasks_taskstep VALUES (11, 2, 'Confirm technician availability within 2-hour window', true, 102);
INSERT INTO public.tasks_taskstep VALUES (12, 3, 'Dispatch plumber — Kariuki Plumbing, ETA 45 mins', false, 102);
INSERT INTO public.tasks_taskstep VALUES (13, 1, 'Confirm flight details and arrival terminal with customer', true, 103);
INSERT INTO public.tasks_taskstep VALUES (14, 2, 'Allocate suitable vehicle for 3 passengers and 4 pieces of luggage', true, 103);
INSERT INTO public.tasks_taskstep VALUES (15, 3, 'Brief driver on elderly passenger requirements and luggage handling', false, 103);
INSERT INTO public.tasks_taskstep VALUES (16, 4, 'Send driver name, photo, and vehicle plate to customer via WhatsApp', false, 103);
INSERT INTO public.tasks_taskstep VALUES (17, 5, 'Confirm safe drop-off and collect payment confirmation', false, 103);
INSERT INTO public.tasks_taskstep VALUES (18, 1, 'Retrieve current USD/KES and GBP/KES exchange rates from live feed', true, 104);
INSERT INTO public.tasks_taskstep VALUES (19, 2, 'Pull account balance and confirm last transaction clearing date', true, 104);
INSERT INTO public.tasks_taskstep VALUES (86, 1, 'Assign inquiry to customer support agent', false, 105);
INSERT INTO public.tasks_taskstep VALUES (87, 2, 'Verify customer information in database', false, 105);
INSERT INTO public.tasks_taskstep VALUES (88, 3, 'Determine nature of inquiry', false, 105);
INSERT INTO public.tasks_taskstep VALUES (89, 4, 'Route inquiry to relevant department', false, 105);
INSERT INTO public.tasks_taskstep VALUES (90, 5, 'Respond to customer with acknowledgement', false, 105);
INSERT INTO public.tasks_taskstep VALUES (91, 1, 'Verify sender KYC', false, 106);
INSERT INTO public.tasks_taskstep VALUES (92, 2, 'Confirm recipient details', false, 106);
INSERT INTO public.tasks_taskstep VALUES (93, 3, 'Check sender account balance', false, 106);
INSERT INTO public.tasks_taskstep VALUES (94, 4, 'Validate transaction amount', false, 106);
INSERT INTO public.tasks_taskstep VALUES (95, 5, 'Execute fund transfer', false, 106);
INSERT INTO public.tasks_taskstep VALUES (96, 6, 'Generate transaction receipt', false, 106);
INSERT INTO public.tasks_taskstep VALUES (97, 1, 'Verify sender account balance', false, 107);
INSERT INTO public.tasks_taskstep VALUES (98, 2, 'Confirm recipient details', false, 107);
INSERT INTO public.tasks_taskstep VALUES (99, 3, 'Check recipient relationship status', false, 107);
INSERT INTO public.tasks_taskstep VALUES (100, 4, 'Validate transaction amount', false, 107);
INSERT INTO public.tasks_taskstep VALUES (101, 5, 'Execute fund transfer', false, 107);
INSERT INTO public.tasks_taskstep VALUES (102, 6, 'Update transaction records', false, 107);
INSERT INTO public.tasks_taskstep VALUES (103, 1, 'Retrieve land title document from database', false, 108);
INSERT INTO public.tasks_taskstep VALUES (104, 2, 'Verify document authenticity with issuing authority', false, 108);
INSERT INTO public.tasks_taskstep VALUES (105, 3, 'Check for any outstanding liens or encumbrances', false, 108);
INSERT INTO public.tasks_taskstep VALUES (106, 4, 'Confirm document matches customer-provided information', false, 108);
INSERT INTO public.tasks_taskstep VALUES (107, 5, 'Update document status in system of record', false, 108);
INSERT INTO public.tasks_taskstep VALUES (108, 1, 'Verify sender KYC', false, 110);
INSERT INTO public.tasks_taskstep VALUES (109, 2, 'Confirm recipient details', false, 110);
INSERT INTO public.tasks_taskstep VALUES (110, 3, 'Validate recipient occupation as plumber', false, 110);
INSERT INTO public.tasks_taskstep VALUES (111, 4, 'Check sender''s account balance', false, 110);
INSERT INTO public.tasks_taskstep VALUES (112, 5, 'Initiate payment transfer to plumber', false, 110);
INSERT INTO public.tasks_taskstep VALUES (113, 6, 'Update transaction records', false, 110);
INSERT INTO public.tasks_taskstep VALUES (114, 1, 'Verify service request details', false, 111);
INSERT INTO public.tasks_taskstep VALUES (115, 2, 'Confirm availability of plumber in Nairobi', false, 111);
INSERT INTO public.tasks_taskstep VALUES (116, 3, 'Assign plumber to the service request', false, 111);
INSERT INTO public.tasks_taskstep VALUES (117, 4, 'Notify the assigned plumber of the new task', false, 111);
INSERT INTO public.tasks_taskstep VALUES (118, 5, 'Schedule the service appointment', false, 111);
INSERT INTO public.tasks_taskstep VALUES (119, 6, 'Update the service request status to ''in progress''', false, 111);
INSERT INTO public.tasks_taskstep VALUES (120, 1, 'Verify sender KYC', false, 112);
INSERT INTO public.tasks_taskstep VALUES (125, 6, 'Notify sender of transaction status', false, 112);
INSERT INTO public.tasks_taskstep VALUES (126, 1, 'Verify sender account balance', false, 113);
INSERT INTO public.tasks_taskstep VALUES (127, 2, 'Confirm recipient details and relationship', false, 113);
INSERT INTO public.tasks_taskstep VALUES (128, 3, 'Validate transaction amount and compliance', false, 113);
INSERT INTO public.tasks_taskstep VALUES (129, 4, 'Check for any applicable transfer fees', false, 113);
INSERT INTO public.tasks_taskstep VALUES (130, 5, 'Execute fund transfer to recipient account', false, 113);
INSERT INTO public.tasks_taskstep VALUES (131, 6, 'Generate transaction confirmation and update records', false, 113);
INSERT INTO public.tasks_taskstep VALUES (122, 3, 'Validate recipient''s location in Mombasa', true, 112);
INSERT INTO public.tasks_taskstep VALUES (123, 4, 'Check sender''s account balance for KES 50000', true, 112);
INSERT INTO public.tasks_taskstep VALUES (124, 5, 'Initiate transaction processing', true, 112);
INSERT INTO public.tasks_taskstep VALUES (121, 2, 'Confirm recipient details', true, 112);
INSERT INTO public.tasks_taskstep VALUES (132, 1, 'Verify sender KYC', false, 114);
INSERT INTO public.tasks_taskstep VALUES (133, 2, 'Validate recipient details', false, 114);
INSERT INTO public.tasks_taskstep VALUES (134, 3, 'Check sender account balance for $2000', false, 114);
INSERT INTO public.tasks_taskstep VALUES (135, 4, 'Confirm recipient ''Kindergarten'' is an approved payee', false, 114);
INSERT INTO public.tasks_taskstep VALUES (136, 5, 'Generate payment reference number', false, 114);
INSERT INTO public.tasks_taskstep VALUES (137, 6, 'Process payment of $2000 to ''Kindergarten''', false, 114);
INSERT INTO public.tasks_taskstep VALUES (138, 1, 'Verify sender KYC', true, 115);
INSERT INTO public.tasks_taskstep VALUES (139, 2, 'Confirm recipient details', true, 115);
INSERT INTO public.tasks_taskstep VALUES (140, 3, 'Check sender account balance', true, 115);
INSERT INTO public.tasks_taskstep VALUES (141, 4, 'Validate transaction amount', true, 115);
INSERT INTO public.tasks_taskstep VALUES (142, 5, 'Execute fund transfer', true, 115);
INSERT INTO public.tasks_taskstep VALUES (143, 6, 'Generate transaction receipt', true, 115);
INSERT INTO public.tasks_taskstep VALUES (144, 1, 'Verify passenger count and assign suitable vehicle', false, 116);
INSERT INTO public.tasks_taskstep VALUES (145, 2, 'Confirm pickup location at JKIA', false, 116);
INSERT INTO public.tasks_taskstep VALUES (146, 3, 'Assign driver and track availability', false, 116);
INSERT INTO public.tasks_taskstep VALUES (147, 4, 'Coordinate with driver for pickup time and passenger details', false, 116);
INSERT INTO public.tasks_taskstep VALUES (148, 5, 'Monitor transfer status and update system in real-time', false, 116);
INSERT INTO public.tasks_taskstep VALUES (149, 6, 'Process payment and generate invoice', false, 116);
INSERT INTO public.tasks_taskstep VALUES (152, 3, 'Route inquiry to relevant department', false, 117);
INSERT INTO public.tasks_taskstep VALUES (153, 4, 'Respond to customer with general information', false, 117);
INSERT INTO public.tasks_taskstep VALUES (154, 5, 'Escalate complex inquiries to senior support specialist', false, 117);
INSERT INTO public.tasks_taskstep VALUES (155, 6, 'Document inquiry and response in customer interaction log', false, 117);
INSERT INTO public.tasks_taskstep VALUES (150, 1, 'Assign inquiry to customer support team', true, 117);
INSERT INTO public.tasks_taskstep VALUES (151, 2, 'Verify customer information in database', true, 117);
INSERT INTO public.tasks_taskstep VALUES (157, 2, 'Verify customer''s identity', true, 118);
INSERT INTO public.tasks_taskstep VALUES (158, 3, 'Check title document requirements', false, 118);
INSERT INTO public.tasks_taskstep VALUES (159, 4, 'Prepare title document issuance process', false, 118);
INSERT INTO public.tasks_taskstep VALUES (160, 5, 'Assign title document processing to specialist', false, 118);
INSERT INTO public.tasks_taskstep VALUES (156, 1, 'Retrieve title document template', true, 118);


--
-- Name: tasks_extractedentity_id_seq; Type: SEQUENCE SET; Schema: public; Owner: -
--

SELECT pg_catalog.setval('public.tasks_extractedentity_id_seq', 53, true);


--
-- Name: tasks_generatedmessage_id_seq; Type: SEQUENCE SET; Schema: public; Owner: -
--

SELECT pg_catalog.setval('public.tasks_generatedmessage_id_seq', 84, true);


--
-- Name: tasks_statushistory_id_seq; Type: SEQUENCE SET; Schema: public; Owner: -
--

SELECT pg_catalog.setval('public.tasks_statushistory_id_seq', 38, true);


--
-- Name: tasks_task_id_seq; Type: SEQUENCE SET; Schema: public; Owner: -
--

SELECT pg_catalog.setval('public.tasks_task_id_seq', 118, true);


--
-- Name: tasks_taskoutcome_id_seq; Type: SEQUENCE SET; Schema: public; Owner: -
--

SELECT pg_catalog.setval('public.tasks_taskoutcome_id_seq', 2, true);


--
-- Name: tasks_taskstep_id_seq; Type: SEQUENCE SET; Schema: public; Owner: -
--

SELECT pg_catalog.setval('public.tasks_taskstep_id_seq', 160, true);


--
-- Name: tasks_extractedentity tasks_extractedentity_pkey; Type: CONSTRAINT; Schema: public; Owner: -
--

ALTER TABLE ONLY public.tasks_extractedentity
    ADD CONSTRAINT tasks_extractedentity_pkey PRIMARY KEY (id);


--
-- Name: tasks_generatedmessage tasks_generatedmessage_pkey; Type: CONSTRAINT; Schema: public; Owner: -
--

ALTER TABLE ONLY public.tasks_generatedmessage
    ADD CONSTRAINT tasks_generatedmessage_pkey PRIMARY KEY (id);


--
-- Name: tasks_statushistory tasks_statushistory_pkey; Type: CONSTRAINT; Schema: public; Owner: -
--

ALTER TABLE ONLY public.tasks_statushistory
    ADD CONSTRAINT tasks_statushistory_pkey PRIMARY KEY (id);


--
-- Name: tasks_task tasks_task_pkey; Type: CONSTRAINT; Schema: public; Owner: -
--

ALTER TABLE ONLY public.tasks_task
    ADD CONSTRAINT tasks_task_pkey PRIMARY KEY (id);


--
-- Name: tasks_task tasks_task_task_code_key; Type: CONSTRAINT; Schema: public; Owner: -
--

ALTER TABLE ONLY public.tasks_task
    ADD CONSTRAINT tasks_task_task_code_key UNIQUE (task_code);


--
-- Name: tasks_taskoutcome tasks_taskoutcome_pkey; Type: CONSTRAINT; Schema: public; Owner: -
--

ALTER TABLE ONLY public.tasks_taskoutcome
    ADD CONSTRAINT tasks_taskoutcome_pkey PRIMARY KEY (id);


--
-- Name: tasks_taskoutcome tasks_taskoutcome_task_id_key; Type: CONSTRAINT; Schema: public; Owner: -
--

ALTER TABLE ONLY public.tasks_taskoutcome
    ADD CONSTRAINT tasks_taskoutcome_task_id_key UNIQUE (task_id);


--
-- Name: tasks_taskstep tasks_taskstep_pkey; Type: CONSTRAINT; Schema: public; Owner: -
--

ALTER TABLE ONLY public.tasks_taskstep
    ADD CONSTRAINT tasks_taskstep_pkey PRIMARY KEY (id);


--
-- Name: tasks_extractedentity_task_id_e328b9a5; Type: INDEX; Schema: public; Owner: -
--

CREATE INDEX tasks_extractedentity_task_id_e328b9a5 ON public.tasks_extractedentity USING btree (task_id);


--
-- Name: tasks_generatedmessage_task_id_960ca9ca; Type: INDEX; Schema: public; Owner: -
--

CREATE INDEX tasks_generatedmessage_task_id_960ca9ca ON public.tasks_generatedmessage USING btree (task_id);


--
-- Name: tasks_statushistory_task_id_a46573ca; Type: INDEX; Schema: public; Owner: -
--

CREATE INDEX tasks_statushistory_task_id_a46573ca ON public.tasks_statushistory USING btree (task_id);


--
-- Name: tasks_task_task_code_89b83efe_like; Type: INDEX; Schema: public; Owner: -
--

CREATE INDEX tasks_task_task_code_89b83efe_like ON public.tasks_task USING btree (task_code varchar_pattern_ops);


--
-- Name: tasks_taskstep_task_id_0369112b; Type: INDEX; Schema: public; Owner: -
--

CREATE INDEX tasks_taskstep_task_id_0369112b ON public.tasks_taskstep USING btree (task_id);


--
-- Name: tasks_extractedentity tasks_extractedentity_task_id_e328b9a5_fk_tasks_task_id; Type: FK CONSTRAINT; Schema: public; Owner: -
--

ALTER TABLE ONLY public.tasks_extractedentity
    ADD CONSTRAINT tasks_extractedentity_task_id_e328b9a5_fk_tasks_task_id FOREIGN KEY (task_id) REFERENCES public.tasks_task(id) DEFERRABLE INITIALLY DEFERRED;


--
-- Name: tasks_generatedmessage tasks_generatedmessage_task_id_960ca9ca_fk_tasks_task_id; Type: FK CONSTRAINT; Schema: public; Owner: -
--

ALTER TABLE ONLY public.tasks_generatedmessage
    ADD CONSTRAINT tasks_generatedmessage_task_id_960ca9ca_fk_tasks_task_id FOREIGN KEY (task_id) REFERENCES public.tasks_task(id) DEFERRABLE INITIALLY DEFERRED;


--
-- Name: tasks_statushistory tasks_statushistory_task_id_a46573ca_fk_tasks_task_id; Type: FK CONSTRAINT; Schema: public; Owner: -
--

ALTER TABLE ONLY public.tasks_statushistory
    ADD CONSTRAINT tasks_statushistory_task_id_a46573ca_fk_tasks_task_id FOREIGN KEY (task_id) REFERENCES public.tasks_task(id) DEFERRABLE INITIALLY DEFERRED;


--
-- Name: tasks_taskoutcome tasks_taskoutcome_task_id_bbbdc0b8_fk_tasks_task_id; Type: FK CONSTRAINT; Schema: public; Owner: -
--

ALTER TABLE ONLY public.tasks_taskoutcome
    ADD CONSTRAINT tasks_taskoutcome_task_id_bbbdc0b8_fk_tasks_task_id FOREIGN KEY (task_id) REFERENCES public.tasks_task(id) DEFERRABLE INITIALLY DEFERRED;


--
-- Name: tasks_taskstep tasks_taskstep_task_id_0369112b_fk_tasks_task_id; Type: FK CONSTRAINT; Schema: public; Owner: -
--

ALTER TABLE ONLY public.tasks_taskstep
    ADD CONSTRAINT tasks_taskstep_task_id_0369112b_fk_tasks_task_id FOREIGN KEY (task_id) REFERENCES public.tasks_task(id) DEFERRABLE INITIALLY DEFERRED;


--
-- PostgreSQL database dump complete
--

