--
-- PostgreSQL database dump
--

-- Dumped from database version 17.5 (Postgres.app)
-- Dumped by pg_dump version 17.5 (Postgres.app)

SET statement_timeout = 0;
SET lock_timeout = 0;
SET idle_in_transaction_session_timeout = 0;
SET transaction_timeout = 0;
SET client_encoding = 'UTF8';
SET standard_conforming_strings = on;
SELECT pg_catalog.set_config('search_path', '', false);
SET check_function_bodies = false;
SET xmloption = content;
SET client_min_messages = warning;
SET row_security = off;

SET default_tablespace = '';

SET default_table_access_method = heap;

--
-- Name: auth_group; Type: TABLE; Schema: public; Owner: -
--

CREATE TABLE public.auth_group (
    id integer NOT NULL,
    name character varying(150) NOT NULL
);


--
-- Name: auth_group_id_seq; Type: SEQUENCE; Schema: public; Owner: -
--

ALTER TABLE public.auth_group ALTER COLUMN id ADD GENERATED BY DEFAULT AS IDENTITY (
    SEQUENCE NAME public.auth_group_id_seq
    START WITH 1
    INCREMENT BY 1
    NO MINVALUE
    NO MAXVALUE
    CACHE 1
);


--
-- Name: auth_group_permissions; Type: TABLE; Schema: public; Owner: -
--

CREATE TABLE public.auth_group_permissions (
    id bigint NOT NULL,
    group_id integer NOT NULL,
    permission_id integer NOT NULL
);


--
-- Name: auth_group_permissions_id_seq; Type: SEQUENCE; Schema: public; Owner: -
--

ALTER TABLE public.auth_group_permissions ALTER COLUMN id ADD GENERATED BY DEFAULT AS IDENTITY (
    SEQUENCE NAME public.auth_group_permissions_id_seq
    START WITH 1
    INCREMENT BY 1
    NO MINVALUE
    NO MAXVALUE
    CACHE 1
);


--
-- Name: auth_permission; Type: TABLE; Schema: public; Owner: -
--

CREATE TABLE public.auth_permission (
    id integer NOT NULL,
    name character varying(255) NOT NULL,
    content_type_id integer NOT NULL,
    codename character varying(100) NOT NULL
);


--
-- Name: auth_permission_id_seq; Type: SEQUENCE; Schema: public; Owner: -
--

ALTER TABLE public.auth_permission ALTER COLUMN id ADD GENERATED BY DEFAULT AS IDENTITY (
    SEQUENCE NAME public.auth_permission_id_seq
    START WITH 1
    INCREMENT BY 1
    NO MINVALUE
    NO MAXVALUE
    CACHE 1
);


--
-- Name: auth_user; Type: TABLE; Schema: public; Owner: -
--

CREATE TABLE public.auth_user (
    id integer NOT NULL,
    password character varying(128) NOT NULL,
    last_login timestamp with time zone,
    is_superuser boolean NOT NULL,
    username character varying(150) NOT NULL,
    first_name character varying(150) NOT NULL,
    last_name character varying(150) NOT NULL,
    email character varying(254) NOT NULL,
    is_staff boolean NOT NULL,
    is_active boolean NOT NULL,
    date_joined timestamp with time zone NOT NULL
);


--
-- Name: auth_user_groups; Type: TABLE; Schema: public; Owner: -
--

CREATE TABLE public.auth_user_groups (
    id bigint NOT NULL,
    user_id integer NOT NULL,
    group_id integer NOT NULL
);


--
-- Name: auth_user_groups_id_seq; Type: SEQUENCE; Schema: public; Owner: -
--

ALTER TABLE public.auth_user_groups ALTER COLUMN id ADD GENERATED BY DEFAULT AS IDENTITY (
    SEQUENCE NAME public.auth_user_groups_id_seq
    START WITH 1
    INCREMENT BY 1
    NO MINVALUE
    NO MAXVALUE
    CACHE 1
);


--
-- Name: auth_user_id_seq; Type: SEQUENCE; Schema: public; Owner: -
--

ALTER TABLE public.auth_user ALTER COLUMN id ADD GENERATED BY DEFAULT AS IDENTITY (
    SEQUENCE NAME public.auth_user_id_seq
    START WITH 1
    INCREMENT BY 1
    NO MINVALUE
    NO MAXVALUE
    CACHE 1
);


--
-- Name: auth_user_user_permissions; Type: TABLE; Schema: public; Owner: -
--

CREATE TABLE public.auth_user_user_permissions (
    id bigint NOT NULL,
    user_id integer NOT NULL,
    permission_id integer NOT NULL
);


--
-- Name: auth_user_user_permissions_id_seq; Type: SEQUENCE; Schema: public; Owner: -
--

ALTER TABLE public.auth_user_user_permissions ALTER COLUMN id ADD GENERATED BY DEFAULT AS IDENTITY (
    SEQUENCE NAME public.auth_user_user_permissions_id_seq
    START WITH 1
    INCREMENT BY 1
    NO MINVALUE
    NO MAXVALUE
    CACHE 1
);


--
-- Name: django_admin_log; Type: TABLE; Schema: public; Owner: -
--

CREATE TABLE public.django_admin_log (
    id integer NOT NULL,
    action_time timestamp with time zone NOT NULL,
    object_id text,
    object_repr character varying(200) NOT NULL,
    action_flag smallint NOT NULL,
    change_message text NOT NULL,
    content_type_id integer,
    user_id integer NOT NULL,
    CONSTRAINT django_admin_log_action_flag_check CHECK ((action_flag >= 0))
);


--
-- Name: django_admin_log_id_seq; Type: SEQUENCE; Schema: public; Owner: -
--

ALTER TABLE public.django_admin_log ALTER COLUMN id ADD GENERATED BY DEFAULT AS IDENTITY (
    SEQUENCE NAME public.django_admin_log_id_seq
    START WITH 1
    INCREMENT BY 1
    NO MINVALUE
    NO MAXVALUE
    CACHE 1
);


--
-- Name: django_content_type; Type: TABLE; Schema: public; Owner: -
--

CREATE TABLE public.django_content_type (
    id integer NOT NULL,
    app_label character varying(100) NOT NULL,
    model character varying(100) NOT NULL
);


--
-- Name: django_content_type_id_seq; Type: SEQUENCE; Schema: public; Owner: -
--

ALTER TABLE public.django_content_type ALTER COLUMN id ADD GENERATED BY DEFAULT AS IDENTITY (
    SEQUENCE NAME public.django_content_type_id_seq
    START WITH 1
    INCREMENT BY 1
    NO MINVALUE
    NO MAXVALUE
    CACHE 1
);


--
-- Name: django_migrations; Type: TABLE; Schema: public; Owner: -
--

CREATE TABLE public.django_migrations (
    id bigint NOT NULL,
    app character varying(255) NOT NULL,
    name character varying(255) NOT NULL,
    applied timestamp with time zone NOT NULL
);


--
-- Name: django_migrations_id_seq; Type: SEQUENCE; Schema: public; Owner: -
--

ALTER TABLE public.django_migrations ALTER COLUMN id ADD GENERATED BY DEFAULT AS IDENTITY (
    SEQUENCE NAME public.django_migrations_id_seq
    START WITH 1
    INCREMENT BY 1
    NO MINVALUE
    NO MAXVALUE
    CACHE 1
);


--
-- Name: django_session; Type: TABLE; Schema: public; Owner: -
--

CREATE TABLE public.django_session (
    session_key character varying(40) NOT NULL,
    session_data text NOT NULL,
    expire_date timestamp with time zone NOT NULL
);


--
-- Name: tasks_digestreport; Type: TABLE; Schema: public; Owner: -
--

CREATE TABLE public.tasks_digestreport (
    id bigint NOT NULL,
    generated_at timestamp with time zone NOT NULL,
    high_risk_count integer NOT NULL,
    failed_count integer NOT NULL,
    task_codes jsonb NOT NULL
);


--
-- Name: tasks_digestreport_id_seq; Type: SEQUENCE; Schema: public; Owner: -
--

ALTER TABLE public.tasks_digestreport ALTER COLUMN id ADD GENERATED BY DEFAULT AS IDENTITY (
    SEQUENCE NAME public.tasks_digestreport_id_seq
    START WITH 1
    INCREMENT BY 1
    NO MINVALUE
    NO MAXVALUE
    CACHE 1
);


--
-- Name: tasks_extractedentity; Type: TABLE; Schema: public; Owner: -
--

CREATE TABLE public.tasks_extractedentity (
    id bigint NOT NULL,
    entity_key character varying(100) NOT NULL,
    entity_value text NOT NULL,
    task_id bigint NOT NULL
);


--
-- Name: tasks_extractedentity_id_seq; Type: SEQUENCE; Schema: public; Owner: -
--

ALTER TABLE public.tasks_extractedentity ALTER COLUMN id ADD GENERATED BY DEFAULT AS IDENTITY (
    SEQUENCE NAME public.tasks_extractedentity_id_seq
    START WITH 1
    INCREMENT BY 1
    NO MINVALUE
    NO MAXVALUE
    CACHE 1
);


--
-- Name: tasks_generatedmessage; Type: TABLE; Schema: public; Owner: -
--

CREATE TABLE public.tasks_generatedmessage (
    id bigint NOT NULL,
    channel character varying(20) NOT NULL,
    content text NOT NULL,
    task_id bigint NOT NULL,
    recipient character varying(200) NOT NULL,
    send_error text NOT NULL,
    sent_at timestamp with time zone
);


--
-- Name: tasks_generatedmessage_id_seq; Type: SEQUENCE; Schema: public; Owner: -
--

ALTER TABLE public.tasks_generatedmessage ALTER COLUMN id ADD GENERATED BY DEFAULT AS IDENTITY (
    SEQUENCE NAME public.tasks_generatedmessage_id_seq
    START WITH 1
    INCREMENT BY 1
    NO MINVALUE
    NO MAXVALUE
    CACHE 1
);


--
-- Name: tasks_statushistory; Type: TABLE; Schema: public; Owner: -
--

CREATE TABLE public.tasks_statushistory (
    id bigint NOT NULL,
    from_status character varying(20) NOT NULL,
    to_status character varying(20) NOT NULL,
    changed_at timestamp with time zone NOT NULL,
    note text NOT NULL,
    task_id bigint NOT NULL
);


--
-- Name: tasks_statushistory_id_seq; Type: SEQUENCE; Schema: public; Owner: -
--

ALTER TABLE public.tasks_statushistory ALTER COLUMN id ADD GENERATED BY DEFAULT AS IDENTITY (
    SEQUENCE NAME public.tasks_statushistory_id_seq
    START WITH 1
    INCREMENT BY 1
    NO MINVALUE
    NO MAXVALUE
    CACHE 1
);


--
-- Name: tasks_task; Type: TABLE; Schema: public; Owner: -
--

CREATE TABLE public.tasks_task (
    id bigint NOT NULL,
    task_code character varying(20) NOT NULL,
    customer_request text NOT NULL,
    intent character varying(50) NOT NULL,
    status character varying(20) NOT NULL,
    risk_score integer,
    risk_level character varying(10) NOT NULL,
    risk_flags jsonb NOT NULL,
    risk_explanation jsonb NOT NULL,
    escalation_required boolean NOT NULL,
    entities jsonb NOT NULL,
    urgency_level character varying(10) NOT NULL,
    ai_confidence double precision,
    employee_assignment character varying(100) NOT NULL,
    error_detail text NOT NULL,
    created_at timestamp with time zone NOT NULL,
    updated_at timestamp with time zone NOT NULL,
    clarification_note text NOT NULL
);


--
-- Name: tasks_task_id_seq; Type: SEQUENCE; Schema: public; Owner: -
--

ALTER TABLE public.tasks_task ALTER COLUMN id ADD GENERATED BY DEFAULT AS IDENTITY (
    SEQUENCE NAME public.tasks_task_id_seq
    START WITH 1
    INCREMENT BY 1
    NO MINVALUE
    NO MAXVALUE
    CACHE 1
);


--
-- Name: tasks_taskoutcome; Type: TABLE; Schema: public; Owner: -
--

CREATE TABLE public.tasks_taskoutcome (
    id bigint NOT NULL,
    recorded_at timestamp with time zone NOT NULL,
    human_overrode_assignment boolean NOT NULL,
    final_assignment character varying(100) NOT NULL,
    ai_was_correct boolean,
    override_note text NOT NULL,
    task_id bigint NOT NULL
);


--
-- Name: tasks_taskoutcome_id_seq; Type: SEQUENCE; Schema: public; Owner: -
--

ALTER TABLE public.tasks_taskoutcome ALTER COLUMN id ADD GENERATED BY DEFAULT AS IDENTITY (
    SEQUENCE NAME public.tasks_taskoutcome_id_seq
    START WITH 1
    INCREMENT BY 1
    NO MINVALUE
    NO MAXVALUE
    CACHE 1
);


--
-- Name: tasks_taskstep; Type: TABLE; Schema: public; Owner: -
--

CREATE TABLE public.tasks_taskstep (
    id bigint NOT NULL,
    "order" integer NOT NULL,
    description text NOT NULL,
    completed boolean NOT NULL,
    task_id bigint NOT NULL,
    CONSTRAINT tasks_taskstep_order_check CHECK (("order" >= 0))
);


--
-- Name: tasks_taskstep_id_seq; Type: SEQUENCE; Schema: public; Owner: -
--

ALTER TABLE public.tasks_taskstep ALTER COLUMN id ADD GENERATED BY DEFAULT AS IDENTITY (
    SEQUENCE NAME public.tasks_taskstep_id_seq
    START WITH 1
    INCREMENT BY 1
    NO MINVALUE
    NO MAXVALUE
    CACHE 1
);


--
-- Data for Name: auth_group; Type: TABLE DATA; Schema: public; Owner: -
--

COPY public.auth_group (id, name) FROM stdin;
\.


--
-- Data for Name: auth_group_permissions; Type: TABLE DATA; Schema: public; Owner: -
--

COPY public.auth_group_permissions (id, group_id, permission_id) FROM stdin;
\.


--
-- Data for Name: auth_permission; Type: TABLE DATA; Schema: public; Owner: -
--

COPY public.auth_permission (id, name, content_type_id, codename) FROM stdin;
1	Can add log entry	1	add_logentry
2	Can change log entry	1	change_logentry
3	Can delete log entry	1	delete_logentry
4	Can view log entry	1	view_logentry
5	Can add permission	2	add_permission
6	Can change permission	2	change_permission
7	Can delete permission	2	delete_permission
8	Can view permission	2	view_permission
9	Can add group	3	add_group
10	Can change group	3	change_group
11	Can delete group	3	delete_group
12	Can view group	3	view_group
13	Can add user	4	add_user
14	Can change user	4	change_user
15	Can delete user	4	delete_user
16	Can view user	4	view_user
17	Can add content type	5	add_contenttype
18	Can change content type	5	change_contenttype
19	Can delete content type	5	delete_contenttype
20	Can view content type	5	view_contenttype
21	Can add session	6	add_session
22	Can change session	6	change_session
23	Can delete session	6	delete_session
24	Can view session	6	view_session
25	Can add task	7	add_task
26	Can change task	7	change_task
27	Can delete task	7	delete_task
28	Can view task	7	view_task
29	Can add task step	8	add_taskstep
30	Can change task step	8	change_taskstep
31	Can delete task step	8	delete_taskstep
32	Can view task step	8	view_taskstep
33	Can add status history	9	add_statushistory
34	Can change status history	9	change_statushistory
35	Can delete status history	9	delete_statushistory
36	Can view status history	9	view_statushistory
37	Can add generated message	10	add_generatedmessage
38	Can change generated message	10	change_generatedmessage
39	Can delete generated message	10	delete_generatedmessage
40	Can view generated message	10	view_generatedmessage
41	Can add extracted entity	11	add_extractedentity
42	Can change extracted entity	11	change_extractedentity
43	Can delete extracted entity	11	delete_extractedentity
44	Can view extracted entity	11	view_extractedentity
45	Can add digest report	12	add_digestreport
46	Can change digest report	12	change_digestreport
47	Can delete digest report	12	delete_digestreport
48	Can view digest report	12	view_digestreport
49	Can add task outcome	13	add_taskoutcome
50	Can change task outcome	13	change_taskoutcome
51	Can delete task outcome	13	delete_taskoutcome
52	Can view task outcome	13	view_taskoutcome
\.


--
-- Data for Name: auth_user; Type: TABLE DATA; Schema: public; Owner: -
--

COPY public.auth_user (id, password, last_login, is_superuser, username, first_name, last_name, email, is_staff, is_active, date_joined) FROM stdin;
1	pbkdf2_sha256$600000$vBTDZsaqtthoaS60tlNSGX$UtvnwZQrNDGnRPJkslRi1KhBuW8kDBpnZwWZyefS0U8=	\N	t	admin			admin@gmail.com	t	t	2026-05-21 04:04:02.409045+05:30
2	pbkdf2_sha256$600000$tHk3cusRLtVqJC0pLxPwdR$jNpkaL+8YcIgpWRm1UJMWXTY5yRh8YmvfoKPiv4lPlQ=	2026-05-21 04:09:37.410979+05:30	t	admin1			admin1@gmail.com	t	t	2026-05-21 04:07:15.172367+05:30
\.


--
-- Data for Name: auth_user_groups; Type: TABLE DATA; Schema: public; Owner: -
--

COPY public.auth_user_groups (id, user_id, group_id) FROM stdin;
\.


--
-- Data for Name: auth_user_user_permissions; Type: TABLE DATA; Schema: public; Owner: -
--

COPY public.auth_user_user_permissions (id, user_id, permission_id) FROM stdin;
\.


--
-- Data for Name: django_admin_log; Type: TABLE DATA; Schema: public; Owner: -
--

COPY public.django_admin_log (id, action_time, object_id, object_repr, action_flag, change_message, content_type_id, user_id) FROM stdin;
\.


--
-- Data for Name: django_content_type; Type: TABLE DATA; Schema: public; Owner: -
--

COPY public.django_content_type (id, app_label, model) FROM stdin;
1	admin	logentry
2	auth	permission
3	auth	group
4	auth	user
5	contenttypes	contenttype
6	sessions	session
7	tasks	task
8	tasks	taskstep
9	tasks	statushistory
10	tasks	generatedmessage
11	tasks	extractedentity
12	tasks	digestreport
13	tasks	taskoutcome
\.


--
-- Data for Name: django_migrations; Type: TABLE DATA; Schema: public; Owner: -
--

COPY public.django_migrations (id, app, name, applied) FROM stdin;
1	contenttypes	0001_initial	2026-05-20 02:16:47.85625+05:30
2	auth	0001_initial	2026-05-20 02:16:47.957962+05:30
3	admin	0001_initial	2026-05-20 02:16:47.998315+05:30
4	admin	0002_logentry_remove_auto_add	2026-05-20 02:16:48.009972+05:30
5	admin	0003_logentry_add_action_flag_choices	2026-05-20 02:16:48.023733+05:30
6	contenttypes	0002_remove_content_type_name	2026-05-20 02:16:48.055372+05:30
7	auth	0002_alter_permission_name_max_length	2026-05-20 02:16:48.066334+05:30
8	auth	0003_alter_user_email_max_length	2026-05-20 02:16:48.076566+05:30
9	auth	0004_alter_user_username_opts	2026-05-20 02:16:48.088306+05:30
10	auth	0005_alter_user_last_login_null	2026-05-20 02:16:48.101148+05:30
11	auth	0006_require_contenttypes_0002	2026-05-20 02:16:48.103963+05:30
12	auth	0007_alter_validators_add_error_messages	2026-05-20 02:16:48.154947+05:30
13	auth	0008_alter_user_username_max_length	2026-05-20 02:16:48.169885+05:30
14	auth	0009_alter_user_last_name_max_length	2026-05-20 02:16:48.181414+05:30
15	auth	0010_alter_group_name_max_length	2026-05-20 02:16:48.191976+05:30
16	auth	0011_update_proxy_permissions	2026-05-20 02:16:48.202723+05:30
17	auth	0012_alter_user_first_name_max_length	2026-05-20 02:16:48.213842+05:30
18	sessions	0001_initial	2026-05-20 02:16:48.224622+05:30
19	tasks	0001_initial	2026-05-20 02:16:48.28928+05:30
20	tasks	0002_digestreport_alter_task_status_taskoutcome	2026-05-20 03:26:04.894625+05:30
21	tasks	0003_generatedmessage_recipient_and_more	2026-05-20 05:52:45.208009+05:30
22	tasks	0004_task_clarification_note	2026-05-20 06:14:52.252449+05:30
\.


--
-- Data for Name: django_session; Type: TABLE DATA; Schema: public; Owner: -
--

COPY public.django_session (session_key, session_data, expire_date) FROM stdin;
pvuwr0k82qvzg41ygfu05f2qs5tkm9c5	.eJxVjDsOwjAQBe_iGllo_RUlPWewdr1rHECxFCcV4u44Ugpo38y8t0q4rTVtXZY0sbooUKffjTA_Zd4BP3C-N53bvC4T6V3RB-361lhe18P9O6jY66gjkmQqIZggEoEwGvSRJLjowZ09o83OFhIGGa_AjAVKNqPCADaozxcc8zmx:1wPpZh:gBUgDo6sF3-FjtwS0Txux8vlWL-Eg6VKbNDxE1WCNl8	2026-06-04 04:09:37.416209+05:30
\.


--
-- Data for Name: tasks_digestreport; Type: TABLE DATA; Schema: public; Owner: -
--

COPY public.tasks_digestreport (id, generated_at, high_risk_count, failed_count, task_codes) FROM stdin;
\.


--
-- Data for Name: tasks_extractedentity; Type: TABLE DATA; Schema: public; Owner: -
--

COPY public.tasks_extractedentity (id, entity_key, entity_value, task_id) FROM stdin;
1	amount	15000	2
2	recipient	mother	2
3	location	Kisumu	2
4	amount	15000	3
5	recipient	mother	3
6	location	Kisumu	3
7	location	JKIA	4
8	recipient	3 passengers	4
9	location	JKIA	5
10	recipient	3 passengers	5
11	destination	karen	5
12	vehicle_type	uber xl	5
13	location	Geneva	6
14	amount	1000	6
15	location	Nairobi	7
16	document_type	land title	16
17	location	Nakuru	16
18	recipient	None	20
19	location	None	20
20	document_type	None	20
21	amount	None	20
22	service_type	carpenter	20
23	recipient	cousin	21
24	location	Kenya	21
25	document_type	land title	23
26	location	Nakuru	23
27	amount	50000	24
28	recipient	brother	24
29	location	Mombasa	24
\.


--
-- Data for Name: tasks_generatedmessage; Type: TABLE DATA; Schema: public; Owner: -
--

COPY public.tasks_generatedmessage (id, channel, content, task_id, recipient, send_error, sent_at) FROM stdin;
16	whatsapp	Hi, thanks for reaching out to Vunoh operations platform. \n   We've received your general inquiry and we're excited to help. \n   Since you're based in Nairobi, we'll make sure to provide you with the most relevant information.	7			\N
17	email	Dear Customer,\n   Re: General Inquiry from Nairobi\n   We appreciate the time you took to contact us and we're more than happy to assist you with your query. \n   Our team will review your request and provide a detailed response shortly.\n   Best regards, Vunoh Operations Team	7			\N
18	sms	Vunoh: Inquiry received, response pending	7			\N
19	whatsapp	Hi, thanks for reaching out. We're here to help with any questions you have. Can you please tell us a bit more about what's on your mind?	9			\N
20	email	Dear Customer,\n\nWe appreciate your interest in Vunoh operations platform and would be happy to assist you with any inquiries you may have. Please provide us with more details about your question so we can better understand and provide a helpful response.\n\nBest regards, Vunoh Support Team	9			\N
21	sms	Vunoh: We've received your inquiry. More info needed. Reply to discuss.	9			\N
22	whatsapp	Hi, thanks for reaching out to Vunoh. We're here to help with any questions you have. What would you like to know about our operations platform?	14			\N
23	email	Dear Customer, \nwe appreciate your interest in Vunoh operations platform. \nWe are happy to address any inquiries you may have. \nPlease let us know how we can assist you.\nBest regards, Vunoh Team	14			\N
24	sms	Vunoh: We've received your inquiry	14			\N
25	whatsapp	Hello, we've received your request to verify your land title document in Nakuru. \n   We'll review it carefully due to the medium risk level associated with this type of document.\n   You'll be updated on the status soon.	16			\N
27	sms	Land title verification in progress	16			\N
31	whatsapp	Hey, just a heads up, I've arranged for an airport transfer for you in Kenya. \n   Looking forward to seeing you soon, cousin! \n   Your ride will be waiting for you at the airport.	21			\N
26	email	Dear Customer,\n   Re: Verification of Land Title Document in Nakuru\n   We are writing to confirm receipt of your request to verify your land title document. \n   As this document type has a medium risk level, we will conduct a thorough review.\n   We will keep you informed of the progress and outcome of this verification process.\n   Best regards, Vunoh Operations Team	16	davidsode5@gmail.com		2026-05-20 06:04:59.690891+05:30
28	whatsapp	Hi, we've received your request for a carpenter. \nWe'll connect you with a reliable professional soon. \nPlease let us know your location and any specific requirements you may have.	20			\N
29	email	Dear Customer,\nWe appreciate your interest in our services and are pleased to inform you that we have received your request for a carpenter. \nOur team will promptly connect you with a reliable professional who meets your needs. \nPlease feel free to provide your location and any additional details regarding the service you require.\nBest regards, Vunoh Operations Team	20			\N
30	sms	Carpenter service requested. Waiting for location details.	20			\N
32	email	Dear cousin, \n   I am writing to inform you that I have arranged for an airport transfer for you in Kenya. \n   The transfer has been booked and the driver will be waiting for you upon your arrival. \n   Please let me know if you have any further requests.\n   Best regards	21			\N
33	sms	Airport transfer in Kenya arranged, see you soon	21			\N
3	sms	Vunoh: KES 15,000 sent to Kisumu. Ref VNH-2026-SM001. M-Pesa delivery in 5 mins. Help: 0800-VUNOH	100			\N
35	email	Dear Customer,\n\nThank you for your inquiry. We appreciate your interest in Vunoh's operations platform and are happy to provide more information or answer any questions you may have.\n\nPlease let us know how we can assist you further.\n\nBest regards, Vunoh Support Team	22			\N
36	sms	Vunoh: We've received your inquiry. A representative will contact you soon.	22			\N
34	whatsapp	Hi, thanks for reaching out to Vunoh. We're here to help with any questions you have. What's on your mind? Let's chat about our operations platform and see how we can assist you.	22	+254711939367		2026-05-21 03:01:46.303219+05:30
38	email	Dear Customer, \n   Re: Verification of Land Title Document in Nakuru\n\n   We acknowledge receipt of your request to verify a land title document located in Nakuru. Our team will conduct a thorough review of the document. Please ensure that all necessary documents are readily available to facilitate a smooth verification process.\n\n   Thank you for choosing our services. We will be in touch soon with an update on the status of your request.\n   Best regards, Vunoh Operations Team	23			\N
39	sms	Land title verification in Nakuru: pending review	23			\N
11	email	Dear Valued Customer,\n\nYour airport transfer request has been confirmed and a driver assigned.\n\nTransfer Details:\n- Pickup Point: JKIA Terminal 1A, International Arrivals\n- Flight: KQ101 from London (landing 06:30)\n- Passengers: 3 (including elderly travellers)\n- Luggage: 4 large pieces\n- Vehicle: Toyota Hiace — Plate KBZ 412X\n- Driver: James Mwangi (+254 722 000 001)\n- Reference: VNH-2026-AT004\n\nYour driver will be positioned at the arrivals gate holding a Vunoh placard. Please allow 15 minutes after landing for driver positioning. The vehicle is fully air-conditioned and spacious for your parents' comfort.\n\nWarm regards,\nVunoh Operations Team	103			\N
37	whatsapp	Hello, we've received your request to verify a land title document in Nakuru. \n   We'll review the details and get back to you soon. \n   Please ensure all documents are ready for a smooth process.	23	+254794775969		2026-05-21 03:04:34.412875+05:30
41	email	Dear valued customer, \n   we are writing to confirm receipt of your request to send 50,000 to your brother in Mombasa. \n   As the risk level of this transaction is low, we are proceeding with the transfer. \n   You will receive a confirmation email once the transaction is complete. \n   Thank you for choosing our services.	24			\N
42	sms	Transfer of 50,000 to brother in Mombasa processing	24			\N
12	sms	Vunoh: Transfer confirmed. Driver James, Toyota KBZ 412X, JKIA T1A Arrivals. Ref VNH-2026-AT004.	103			\N
40	whatsapp	Hey, we've got your request to send 50,000 to your brother in Mombasa. \n   We're processing it now. \n   You'll get a confirmation once it's done.	24	+254711939367		2026-05-21 03:05:41.2621+05:30
43	whatsapp	Hi, thanks for reaching out to Vunoh operations platform. We're here to help with any questions you might have. What would you like to know about our services?	25			\N
44	email	Dear Customer,\n\nThank you for your inquiry. We appreciate your interest in Vunoh operations platform and are happy to provide more information about our services. If you could provide more details about your query, we would be more than happy to assist you.\n\nBest regards, Vunoh Support Team	25			\N
45	sms	Vunoh: We've received your inquiry. Reply to this message or email us for assistance.	25			\N
1	whatsapp	Hi! Your transfer of KES 15,000 to your mother in Kisumu has been processed successfully.\n\nTransaction reference: VNH-2026-SM001\nRecipient will receive funds via M-Pesa within 5 minutes.\n\nIs there anything else we can help you with?	100			\N
2	email	Dear Valued Customer,\n\nWe are pleased to confirm that your money transfer request has been successfully processed.\n\nTransaction Details:\n- Amount: KES 15,000\n- Recipient: Your mother, Kisumu\n- Reference: VNH-2026-SM001\n- Estimated delivery: Within 5 minutes via M-Pesa\n\nIf you have any questions or concerns, please do not hesitate to contact our support team.\n\nWarm regards,\nVunoh Financial Services	100			\N
4	whatsapp	Hi! We've received your request to verify land title NKR/TATU/4521 in Nakuru. ⚠️ Due to its complexity, this has been escalated to our Legal & Compliance team.\n\nExpected turnaround: 2–3 business days.\nRef: VNH-2026-VD002\n\nWe'll update you as soon as we have a result.	101			\N
5	email	Dear Valued Customer,\n\nThank you for submitting your document verification request.\n\nVerification Details:\n- Document: Land Title NKR/TATU/4521\n- Location: Nakuru, Kenya\n- Reference: VNH-2026-VD002\n- Assigned Team: Legal & Compliance\n\nDue to the complexity of this land title verification, our Legal & Compliance team has been assigned to handle your request personally. You can expect a detailed update within 2–3 business days.\n\nIf you have supporting documents or additional information, please reply to this email at your earliest convenience.\n\nWarm regards,\nVunoh Financial Services	101			\N
6	sms	Vunoh: Title NKR/TATU/4521 escalated to Legal. ETA 2-3 days. Ref VNH-2026-VD002.	101			\N
7	whatsapp	Hey! 🔧 We've got your plumber request for Nyali, Mombasa. A verified technician is being dispatched — estimated arrival in 45 minutes.\n\nYou'll receive the plumber's contact details shortly.\nRef: VNH-2026-HS003\n\nStay safe and keep the area clear of water if possible!	102			\N
8	email	Dear Valued Customer,\n\nYour service request has been confirmed and a technician dispatched.\n\nService Details:\n- Service Type: Emergency Plumbing\n- Location: Nyali, Mombasa\n- Reference: VNH-2026-HS003\n- Estimated Arrival: 45 minutes\n- Assigned: Kariuki Plumbing Services\n\nOur Operations team will share the technician's direct contact number within the next 10 minutes. Payment is processed after service completion.\n\nWarm regards,\nVunoh Operations Team	102			\N
9	sms	Vunoh: Plumber dispatched to Nyali, Mombasa. ETA 45min. Contact coming. Ref VNH-2026-HS003.	102			\N
10	whatsapp	Hello! ✈️ Your JKIA airport transfer is confirmed for 3 passengers + 4 bags.\n\nDriver: James Mwangi\nVehicle: Toyota Hiace — KBZ 412X\nPickup: Arrivals Terminal 1A\nETA to vehicle: 15 min after landing\n\nRef: VNH-2026-AT004. Safe travels to your parents!	103			\N
13	whatsapp	Hi! Here's your account summary as of today:\n\n💰 Balance: KES 47,320.00\n📈 GBP/KES: 163.80 | USD/KES: 129.40\n📅 Last transaction cleared: 20 May 2026\n\nRef: VNH-2026-GI005. Anything else I can help with?	104			\N
14	email	Dear Valued Customer,\n\nPlease find your account summary as requested.\n\nAccount Information:\n- Current Balance: KES 47,320.00\n- Last Transaction Cleared: 20 May 2026\n\nCurrent Exchange Rates (live as of today):\n- GBP to KES: 163.80\n- USD to KES: 129.40\n- EUR to KES: 140.20\n\nReference: VNH-2026-GI005\n\nRates are indicative and subject to change at the time of transaction. For further enquiries, please contact our support team.\n\nWarm regards,\nVunoh Financial Services	104			\N
15	sms	Vunoh: Bal KES 47,320. GBP/KES 163.80, USD/KES 129.40. Last txn 20 May. Ref VNH-2026-GI005.	104			\N
\.


--
-- Data for Name: tasks_statushistory; Type: TABLE DATA; Schema: public; Owner: -
--

COPY public.tasks_statushistory (id, from_status, to_status, changed_at, note, task_id) FROM stdin;
9	in_progress	rejected	2026-05-20 03:52:56.95029+05:30	Request is unrelated to Vunoh's services.	10
10	in_progress	rejected	2026-05-20 04:17:30.314556+05:30	The request does not match any of the five operational request types.	11
11	in_progress	rejected	2026-05-20 04:18:16.663257+05:30	Request is for booking a trip, which is outside of Vunoh's services.	12
12	in_progress	rejected	2026-05-20 04:18:46.706423+05:30	Request is for booking a trip, which is outside of Vunoh's services.	13
13	in_progress	completed	2026-05-20 04:19:00.591672+05:30		14
14	in_progress	rejected	2026-05-20 05:59:02.450618+05:30	The request is about purchasing a cake, which is unrelated to Vunoh's services.	15
15	in_progress	completed	2026-05-20 06:00:00.185744+05:30		16
16	in_progress	rejected	2026-05-20 06:06:44.136335+05:30	Request is about verifying flats, which is not a Vunoh service.	17
17	in_progress	rejected	2026-05-20 06:16:11.543353+05:30	Request for a funny cow is unrelated to Vunoh's financial operations services	18
18	in_progress	rejected	2026-05-20 06:16:44.630177+05:30	Loan requests are outside Vunoh's services	19
19	in_progress	completed	2026-05-20 06:17:35.931901+05:30		20
20	in_progress	completed	2026-05-20 06:19:04.712537+05:30		21
21	in_progress	completed	2026-05-21 03:01:13.327483+05:30		22
22	in_progress	completed	2026-05-21 03:04:01.848408+05:30		23
23	in_progress	completed	2026-05-21 03:05:20.691401+05:30		24
24	in_progress	completed	2026-05-21 03:23:45.594474+05:30		25
1	pending	in_progress	2026-05-19 10:45:01+05:30	AI pipeline started	100
2	in_progress	completed	2026-05-19 10:45:03+05:30	Pipeline completed. Transfer disbursed.	100
3	pending	in_progress	2026-05-19 12:00:01+05:30	AI pipeline started	101
4	in_progress	completed	2026-05-19 12:00:04+05:30	Escalated to Legal & Compliance for manual review.	101
5	pending	in_progress	2026-05-19 13:15:01+05:30	AI pipeline started	102
6	pending	in_progress	2026-05-19 13:30:02+05:30	Driver allocation in progress	103
7	pending	in_progress	2026-05-19 14:30:01+05:30	AI pipeline started	104
8	in_progress	completed	2026-05-19 14:30:02+05:30	Account summary and exchange rates delivered.	104
\.


--
-- Data for Name: tasks_task; Type: TABLE DATA; Schema: public; Owner: -
--

COPY public.tasks_task (id, task_code, customer_request, intent, status, risk_score, risk_level, risk_flags, risk_explanation, escalation_required, entities, urgency_level, ai_confidence, employee_assignment, error_detail, created_at, updated_at, clarification_note) FROM stdin;
1	VNH-2026-QN4O2	I need to send KES 15000 to my mother in Kisumu urgently, she needs it for hospital bills		pending	\N		[]	[]	f	{}		\N			2026-05-20 02:18:34.21273+05:30	2026-05-20 02:18:34.212749+05:30	
14	VNH-2026-U2M87	What is the status of my account balance?	general_inquiry	completed	0	low	[]	[]	f	{}	low	0.8	Support Team		2026-05-20 04:18:58.717596+05:30	2026-05-20 04:19:00.58578+05:30	
2	VNH-2026-VRODK	I need to send KES 15000 to my mother in Kisumu urgently, she needs it for hospital bills	send_money	completed	10	low	["urgent_request"]	["Urgency increases fraud risk"]	f	{"amount": 15000, "location": "Kisumu", "recipient": "mother"}	high	0.9	Finance Team		2026-05-20 02:24:19.904636+05:30	2026-05-20 02:24:35.381788+05:30	
3	VNH-2026-4ZNPJ	I need to send KES 15000 to my mother in Kisumu urgently, she needs it for hospital bills	send_money	completed	10	low	["urgent_request"]	["Urgency increases fraud risk"]	f	{"amount": 15000, "location": "Kisumu", "recipient": "mother"}	high	0.9	Finance Team		2026-05-20 02:24:46.591248+05:30	2026-05-20 02:24:48.186025+05:30	
4	VNH-2026-TGBXG	Airport pickup from JKIA for 3 passengers tomorrow	airport_transfer	completed	0	low	[]	[]	f	{"location": "JKIA", "recipient": "3 passengers"}	medium	0.9	Logistics Team		2026-05-20 02:38:19.791045+05:30	2026-05-20 02:38:21.878919+05:30	
15	VNH-2026-70W2X	I need to spend 20000 KES on a cake fot my MOtHer, and her sistu		rejected	\N		[]	[]	f	{}		\N		The request is about purchasing a cake, which is unrelated to Vunoh's services.	2026-05-20 05:59:01.356832+05:30	2026-05-20 05:59:02.448676+05:30	
5	VNH-2026-RPTEO	Airport pickup from JKIA for 3 passengers tomorrow take them to karen with an uber make sure uber xl	airport_transfer	completed	10	low	["urgent_request"]	["Urgency increases fraud risk"]	f	{"location": "JKIA", "recipient": "3 passengers", "destination": "karen", "vehicle_type": "uber xl"}	high	0.9	Logistics Team		2026-05-20 02:40:14.585087+05:30	2026-05-20 02:40:16.56375+05:30	
6	VNH-2026-MU35E	I would like to go to Geneva switzerland on a flight,I want a 1000ksh flight ticket	airport_transfer	completed	0	low	[]	[]	f	{"amount": 1000, "location": "Geneva"}	medium	0.8	Logistics Team		2026-05-20 02:44:54.367511+05:30	2026-05-20 02:44:55.909963+05:30	
101	VNH-2026-VD002	I need to verify my land title deed for a property in Nakuru. The title number is NKR/TATU/4521. I want to confirm there are no encumbrances before I sell.	verify_document	completed	75	high	["document_verification", "high_value_asset"]	["Document verification carries elevated fraud risk", "Land title transfers are high-value transactions", "Manual verification required with Lands Registry"]	t	{"location": "Nakuru", "reference": "NKR/TATU/4521", "document_type": "land title"}	medium	0.88	Legal & Compliance		2026-05-19 12:00:00+05:30	2026-05-19 12:00:04+05:30	
7	VNH-2026-2A15V	Write me a poem about Nairobi	general_inquiry	completed	0	low	[]	[]	f	{"location": "Nairobi"}	low	0.8	Support Team		2026-05-20 03:26:50.048443+05:30	2026-05-20 03:26:52.061647+05:30	
16	VNH-2026-DA40Z	Verify land title for our property in Nakuru	verify_document	completed	35	medium	["document_verification"]	["Document verification is a high-risk operation"]	f	{"location": "Nakuru", "document_type": "land title"}	medium	0.9	Legal Team		2026-05-20 05:59:57.840088+05:30	2026-05-20 06:00:00.178272+05:30	
8	VNH-2026-PVMQL	Write me a poem about Nairobi		rejected	\N		[]	[]	f	{}		\N		The request is for creative writing, which is outside Vunoh's operational scope.	2026-05-20 03:32:44.933384+05:30	2026-05-20 03:32:45.781742+05:30	
9	VNH-2026-1Z9J4	What is the current USD to KES exchange rate?	general_inquiry	completed	0	low	[]	[]	f	{}	low	0.8	Support Team		2026-05-20 03:33:54.929337+05:30	2026-05-20 03:33:57.022685+05:30	
21	VNH-2026-E83AA	cousin flying into kenya assist	airport_transfer	completed	0	low	[]	[]	f	{"location": "Kenya", "recipient": "cousin"}	medium	0.8	Logistics Team		2026-05-20 06:19:02.577779+05:30	2026-05-20 06:19:04.707213+05:30	Interpreted as an airport transfer request
10	VNH-2026-R1TFE	I want a cow		rejected	\N		[]	[]	f	{}		\N		Request is unrelated to Vunoh's services.	2026-05-20 03:52:56.368977+05:30	2026-05-20 03:52:56.942947+05:30	
17	VNH-2026-BWIWO	verify all the flats we have in namanga		rejected	\N		[]	[]	f	{}		\N		Request is about verifying flats, which is not a Vunoh service.	2026-05-20 06:06:43.698996+05:30	2026-05-20 06:06:44.134997+05:30	
11	VNH-2026-1MYDS	rejected		rejected	\N		[]	[]	f	{}		\N		The request does not match any of the five operational request types.	2026-05-20 04:17:29.608715+05:30	2026-05-20 04:17:30.312167+05:30	
12	VNH-2026-PL98N	book for me a trip to maldives i HAVE 10000USD		rejected	\N		[]	[]	f	{}		\N		Request is for booking a trip, which is outside of Vunoh's services.	2026-05-20 04:18:16.226362+05:30	2026-05-20 04:18:16.656313+05:30	
13	VNH-2026-VBC0O	Book a trip to maasai maara		rejected	\N		[]	[]	f	{}		\N		Request is for booking a trip, which is outside of Vunoh's services.	2026-05-20 04:18:46.263559+05:30	2026-05-20 04:18:46.699315+05:30	
25	VNH-2026-GI8RY	I need help with my house	general_inquiry	completed	0	low	[]	[]	f	{}	low	0.8	Support Team		2026-05-21 03:23:43.603201+05:30	2026-05-21 03:23:45.590673+05:30	Interpreted as hiring a home service worker (hire_service)
18	VNH-2026-QHTXA	I need a funny cow		rejected	\N		[]	[]	f	{}		\N		Request for a funny cow is unrelated to Vunoh's financial operations services	2026-05-20 06:16:10.625921+05:30	2026-05-20 06:16:11.541168+05:30	
24	VNH-2026-MD5Y7	Send KES 50,000 to my brother in Mombasa	send_money	completed	0	low	[]	[]	f	{"amount": 50000, "location": "Mombasa", "recipient": "brother"}	low	0.9	Finance Team		2026-05-21 03:05:18.686241+05:30	2026-05-21 03:05:20.685695+05:30	Interpreted as a money transfer (send_money)
19	VNH-2026-F1J8V	I need a 20000 KES loan for housing		rejected	\N		[]	[]	f	{}		\N		Loan requests are outside Vunoh's services	2026-05-20 06:16:44.188329+05:30	2026-05-20 06:16:44.623079+05:30	
22	VNH-2026-464XH	What is the status of my account balance?	general_inquiry	completed	0	low	[]	[]	f	{}	low	0.8	Support Team		2026-05-21 03:01:10.741502+05:30	2026-05-21 03:01:13.307711+05:30	Interpreted as a general inquiry about account balance
20	VNH-2026-8SS24	I need to hire a carpenter	hire_service	completed	0	low	[]	[]	f	{"amount": null, "location": null, "recipient": null, "service_type": "carpenter", "document_type": null}	low	0.8	Operations Team		2026-05-20 06:17:33.485045+05:30	2026-05-20 06:17:35.926541+05:30	Interpreted as hiring a tradesperson (hire_service)
100	VNH-2026-SM001	I need to send KES 15,000 to my mother in Kisumu urgently. She needs it for hospital bills today.	send_money	completed	10	low	["urgent_request"]	["Urgency flag raised but amount is within normal range", "Returning customer with good history"]	f	{"amount": "15000", "urgency": "high", "location": "Kisumu", "recipient": "mother"}	high	0.95	Finance Team		2026-05-19 10:45:00+05:30	2026-05-19 10:45:03+05:30	
23	VNH-2026-G3LTO	Verify land title for our property in Nakuru	verify_document	completed	35	medium	["document_verification"]	["Document verification is a high-risk operation"]	f	{"location": "Nakuru", "document_type": "land title"}	medium	0.9	Legal Team		2026-05-21 03:03:58.517603+05:30	2026-05-21 03:04:01.840326+05:30	Interpreted as a document verification request (verify_document) for a land title deed
102	VNH-2026-HS003	I need a reliable plumber in Mombasa, Nyali area. The kitchen sink pipe burst and the whole apartment is flooding. Need someone within the next 2 hours.	hire_service	in_progress	20	low	["urgent_request"]	["Standard service hire", "Urgency noted but no financial risk indicators"]	f	{"urgency": "within 2 hours", "location": "Mombasa, Nyali", "service_type": "plumber"}	high	0.92	Field Operations		2026-05-19 13:15:00+05:30	2026-05-19 13:15:02+05:30	
103	VNH-2026-AT004	My parents are arriving at JKIA on Friday, KQ101 from London, landing at 06:30. I need a vehicle for 3 passengers plus 4 large suitcases. They are elderly so please a comfortable ride to Westlands.	airport_transfer	in_progress	5	low	[]	["Routine airport transfer", "No financial risk indicators present"]	f	{"flight": "KQ101", "airport": "JKIA", "arrival": "Friday 06:30", "passengers": "3", "destination": "Westlands"}	medium	0.97	Logistics Team		2026-05-19 13:30:00+05:30	2026-05-19 13:30:01+05:30	
104	VNH-2026-GI005	Hi, I just want to check my account balance and find out what the current exchange rate is for GBP to KES. Also when does my last transaction clear?	general_inquiry	completed	0	low	[]	["Routine balance and rate inquiry", "No risk indicators"]	f	{"currency_to": "KES", "inquiry_type": "balance and exchange rate", "currency_from": "GBP"}	low	0.99	Customer Support		2026-05-19 14:30:00+05:30	2026-05-19 14:30:02+05:30	
\.


--
-- Data for Name: tasks_taskoutcome; Type: TABLE DATA; Schema: public; Owner: -
--

COPY public.tasks_taskoutcome (id, recorded_at, human_overrode_assignment, final_assignment, ai_was_correct, override_note, task_id) FROM stdin;
\.


--
-- Data for Name: tasks_taskstep; Type: TABLE DATA; Schema: public; Owner: -
--

COPY public.tasks_taskstep (id, "order", description, completed, task_id) FROM stdin;
20	2	Confirm vehicle type availability for Uber XL	f	5
21	3	Assign driver and vehicle for JKIA pickup	f	5
22	4	Coordinate pickup time and destination to Karen	f	5
23	5	Track and monitor transfer status for quality assurance	f	5
24	6	Update system with transfer completion and feedback	f	5
25	1	Verify sender KYC	f	6
26	2	Confirm recipient details	f	6
27	3	Check transfer amount of 1000	f	6
28	4	Validate location as Geneva	f	6
29	5	Initiate airport transfer request	f	6
30	6	Notify logistics team for pickup	f	6
31	1	Assign inquiry to Nairobi regional team	f	7
32	2	Verify customer contact information	f	7
33	3	Route inquiry to relevant department	f	7
34	4	Prepare response with location-specific information	f	7
35	5	Review and approve response for accuracy	f	7
36	6	Send response to customer via preferred channel	f	7
37	1	Assign inquiry to customer support team	f	9
38	2	Verify customer account status	f	9
39	3	Gather relevant customer information	f	9
40	4	Route inquiry to appropriate department	f	9
41	5	Respond to customer with initial acknowledgement	f	9
42	1	Assign inquiry to customer support team	f	14
43	2	Verify customer account status	f	14
44	3	Gather relevant customer information	f	14
45	4	Route inquiry to appropriate department	f	14
46	5	Respond to customer with initial acknowledgement	f	14
47	1	Retrieve land title document from Nakuru database	f	16
48	2	Verify document authenticity with Nakuru land registry	f	16
49	3	Check for any outstanding liens or encumbrances	f	16
50	4	Confirm document matches provided details	f	16
51	5	Update document verification status in system	f	16
52	1	Verify service request details	f	20
53	2	Check availability of carpenter services	f	20
54	3	Assign carpenter to the service request	f	20
55	4	Confirm service schedule and details	f	20
56	5	Notify assigned carpenter of the service request	f	20
57	6	Update service request status to 'in progress'	f	20
58	1	Verify recipient details	f	21
59	2	Confirm transfer location in Kenya	f	21
60	3	Assign driver for airport pickup	f	21
61	4	Coordinate with local logistics team	f	21
62	5	Track transfer status and update records	f	21
63	6	Notify sender of successful transfer	f	21
64	1	Assign inquiry to available support agent	f	22
65	2	Verify customer account status	f	22
66	3	Gather relevant customer information	f	22
67	4	Route inquiry to appropriate department	f	22
68	5	Respond to customer with initial acknowledgement	f	22
69	1	Retrieve land title document from Nakuru database	f	23
70	2	Verify document authenticity with Nakuru land registry	f	23
71	3	Check for any outstanding liens or encumbrances	f	23
72	4	Confirm document matches provided details	f	23
73	5	Update document verification status in system	f	23
74	6	Notify relevant parties of verification outcome	f	23
75	1	Verify sender KYC	f	24
76	2	Confirm recipient details	f	24
77	3	Validate recipient's location in Mombasa	f	24
78	4	Check sender's account balance for KES 50000	f	24
79	5	Initiate transaction processing	f	24
80	6	Notify sender of transaction status	f	24
81	1	Assign inquiry to customer support agent	f	25
82	2	Verify customer account status	f	25
83	3	Gather relevant customer information	f	25
84	4	Route inquiry to appropriate department	f	25
85	5	Respond to customer with general information	f	25
1	1	Verify sender KYC and account standing	t	100
2	2	Confirm recipient mobile money details	t	100
3	3	Check transfer limits and compliance flags	t	100
4	4	Initiate M-Pesa disbursement to +254712345678	t	100
5	5	Send confirmation to customer via WhatsApp	t	100
6	1	Request original title deed from customer	t	101
7	2	Submit search request to Lands Registry Nakuru	t	101
8	3	Verify title against encumbrance register	t	101
9	4	Escalate findings to Legal & Compliance officer for sign-off	t	101
10	1	Identify available plumbers in Nyali area	t	102
11	2	Confirm technician availability within 2-hour window	t	102
12	3	Dispatch plumber — Kariuki Plumbing, ETA 45 mins	f	102
13	1	Confirm flight details and arrival terminal with customer	t	103
14	2	Allocate suitable vehicle for 3 passengers and 4 pieces of luggage	t	103
15	3	Brief driver on elderly passenger requirements and luggage handling	f	103
16	4	Send driver name, photo, and vehicle plate to customer via WhatsApp	f	103
17	5	Confirm safe drop-off and collect payment confirmation	f	103
18	1	Retrieve current USD/KES and GBP/KES exchange rates from live feed	t	104
19	2	Pull account balance and confirm last transaction clearing date	t	104
\.


--
-- Name: auth_group_id_seq; Type: SEQUENCE SET; Schema: public; Owner: -
--

SELECT pg_catalog.setval('public.auth_group_id_seq', 1, false);


--
-- Name: auth_group_permissions_id_seq; Type: SEQUENCE SET; Schema: public; Owner: -
--

SELECT pg_catalog.setval('public.auth_group_permissions_id_seq', 1, false);


--
-- Name: auth_permission_id_seq; Type: SEQUENCE SET; Schema: public; Owner: -
--

SELECT pg_catalog.setval('public.auth_permission_id_seq', 52, true);


--
-- Name: auth_user_groups_id_seq; Type: SEQUENCE SET; Schema: public; Owner: -
--

SELECT pg_catalog.setval('public.auth_user_groups_id_seq', 1, false);


--
-- Name: auth_user_id_seq; Type: SEQUENCE SET; Schema: public; Owner: -
--

SELECT pg_catalog.setval('public.auth_user_id_seq', 2, true);


--
-- Name: auth_user_user_permissions_id_seq; Type: SEQUENCE SET; Schema: public; Owner: -
--

SELECT pg_catalog.setval('public.auth_user_user_permissions_id_seq', 1, false);


--
-- Name: django_admin_log_id_seq; Type: SEQUENCE SET; Schema: public; Owner: -
--

SELECT pg_catalog.setval('public.django_admin_log_id_seq', 1, false);


--
-- Name: django_content_type_id_seq; Type: SEQUENCE SET; Schema: public; Owner: -
--

SELECT pg_catalog.setval('public.django_content_type_id_seq', 13, true);


--
-- Name: django_migrations_id_seq; Type: SEQUENCE SET; Schema: public; Owner: -
--

SELECT pg_catalog.setval('public.django_migrations_id_seq', 22, true);


--
-- Name: tasks_digestreport_id_seq; Type: SEQUENCE SET; Schema: public; Owner: -
--

SELECT pg_catalog.setval('public.tasks_digestreport_id_seq', 1, false);


--
-- Name: tasks_extractedentity_id_seq; Type: SEQUENCE SET; Schema: public; Owner: -
--

SELECT pg_catalog.setval('public.tasks_extractedentity_id_seq', 29, true);


--
-- Name: tasks_generatedmessage_id_seq; Type: SEQUENCE SET; Schema: public; Owner: -
--

SELECT pg_catalog.setval('public.tasks_generatedmessage_id_seq', 45, true);


--
-- Name: tasks_statushistory_id_seq; Type: SEQUENCE SET; Schema: public; Owner: -
--

SELECT pg_catalog.setval('public.tasks_statushistory_id_seq', 24, true);


--
-- Name: tasks_task_id_seq; Type: SEQUENCE SET; Schema: public; Owner: -
--

SELECT pg_catalog.setval('public.tasks_task_id_seq', 104, true);


--
-- Name: tasks_taskoutcome_id_seq; Type: SEQUENCE SET; Schema: public; Owner: -
--

SELECT pg_catalog.setval('public.tasks_taskoutcome_id_seq', 1, false);


--
-- Name: tasks_taskstep_id_seq; Type: SEQUENCE SET; Schema: public; Owner: -
--

SELECT pg_catalog.setval('public.tasks_taskstep_id_seq', 85, true);


--
-- Name: auth_group auth_group_name_key; Type: CONSTRAINT; Schema: public; Owner: -
--

ALTER TABLE ONLY public.auth_group
    ADD CONSTRAINT auth_group_name_key UNIQUE (name);


--
-- Name: auth_group_permissions auth_group_permissions_group_id_permission_id_0cd325b0_uniq; Type: CONSTRAINT; Schema: public; Owner: -
--

ALTER TABLE ONLY public.auth_group_permissions
    ADD CONSTRAINT auth_group_permissions_group_id_permission_id_0cd325b0_uniq UNIQUE (group_id, permission_id);


--
-- Name: auth_group_permissions auth_group_permissions_pkey; Type: CONSTRAINT; Schema: public; Owner: -
--

ALTER TABLE ONLY public.auth_group_permissions
    ADD CONSTRAINT auth_group_permissions_pkey PRIMARY KEY (id);


--
-- Name: auth_group auth_group_pkey; Type: CONSTRAINT; Schema: public; Owner: -
--

ALTER TABLE ONLY public.auth_group
    ADD CONSTRAINT auth_group_pkey PRIMARY KEY (id);


--
-- Name: auth_permission auth_permission_content_type_id_codename_01ab375a_uniq; Type: CONSTRAINT; Schema: public; Owner: -
--

ALTER TABLE ONLY public.auth_permission
    ADD CONSTRAINT auth_permission_content_type_id_codename_01ab375a_uniq UNIQUE (content_type_id, codename);


--
-- Name: auth_permission auth_permission_pkey; Type: CONSTRAINT; Schema: public; Owner: -
--

ALTER TABLE ONLY public.auth_permission
    ADD CONSTRAINT auth_permission_pkey PRIMARY KEY (id);


--
-- Name: auth_user_groups auth_user_groups_pkey; Type: CONSTRAINT; Schema: public; Owner: -
--

ALTER TABLE ONLY public.auth_user_groups
    ADD CONSTRAINT auth_user_groups_pkey PRIMARY KEY (id);


--
-- Name: auth_user_groups auth_user_groups_user_id_group_id_94350c0c_uniq; Type: CONSTRAINT; Schema: public; Owner: -
--

ALTER TABLE ONLY public.auth_user_groups
    ADD CONSTRAINT auth_user_groups_user_id_group_id_94350c0c_uniq UNIQUE (user_id, group_id);


--
-- Name: auth_user auth_user_pkey; Type: CONSTRAINT; Schema: public; Owner: -
--

ALTER TABLE ONLY public.auth_user
    ADD CONSTRAINT auth_user_pkey PRIMARY KEY (id);


--
-- Name: auth_user_user_permissions auth_user_user_permissions_pkey; Type: CONSTRAINT; Schema: public; Owner: -
--

ALTER TABLE ONLY public.auth_user_user_permissions
    ADD CONSTRAINT auth_user_user_permissions_pkey PRIMARY KEY (id);


--
-- Name: auth_user_user_permissions auth_user_user_permissions_user_id_permission_id_14a6b632_uniq; Type: CONSTRAINT; Schema: public; Owner: -
--

ALTER TABLE ONLY public.auth_user_user_permissions
    ADD CONSTRAINT auth_user_user_permissions_user_id_permission_id_14a6b632_uniq UNIQUE (user_id, permission_id);


--
-- Name: auth_user auth_user_username_key; Type: CONSTRAINT; Schema: public; Owner: -
--

ALTER TABLE ONLY public.auth_user
    ADD CONSTRAINT auth_user_username_key UNIQUE (username);


--
-- Name: django_admin_log django_admin_log_pkey; Type: CONSTRAINT; Schema: public; Owner: -
--

ALTER TABLE ONLY public.django_admin_log
    ADD CONSTRAINT django_admin_log_pkey PRIMARY KEY (id);


--
-- Name: django_content_type django_content_type_app_label_model_76bd3d3b_uniq; Type: CONSTRAINT; Schema: public; Owner: -
--

ALTER TABLE ONLY public.django_content_type
    ADD CONSTRAINT django_content_type_app_label_model_76bd3d3b_uniq UNIQUE (app_label, model);


--
-- Name: django_content_type django_content_type_pkey; Type: CONSTRAINT; Schema: public; Owner: -
--

ALTER TABLE ONLY public.django_content_type
    ADD CONSTRAINT django_content_type_pkey PRIMARY KEY (id);


--
-- Name: django_migrations django_migrations_pkey; Type: CONSTRAINT; Schema: public; Owner: -
--

ALTER TABLE ONLY public.django_migrations
    ADD CONSTRAINT django_migrations_pkey PRIMARY KEY (id);


--
-- Name: django_session django_session_pkey; Type: CONSTRAINT; Schema: public; Owner: -
--

ALTER TABLE ONLY public.django_session
    ADD CONSTRAINT django_session_pkey PRIMARY KEY (session_key);


--
-- Name: tasks_digestreport tasks_digestreport_pkey; Type: CONSTRAINT; Schema: public; Owner: -
--

ALTER TABLE ONLY public.tasks_digestreport
    ADD CONSTRAINT tasks_digestreport_pkey PRIMARY KEY (id);


--
-- Name: tasks_extractedentity tasks_extractedentity_pkey; Type: CONSTRAINT; Schema: public; Owner: -
--

ALTER TABLE ONLY public.tasks_extractedentity
    ADD CONSTRAINT tasks_extractedentity_pkey PRIMARY KEY (id);


--
-- Name: tasks_generatedmessage tasks_generatedmessage_pkey; Type: CONSTRAINT; Schema: public; Owner: -
--

ALTER TABLE ONLY public.tasks_generatedmessage
    ADD CONSTRAINT tasks_generatedmessage_pkey PRIMARY KEY (id);


--
-- Name: tasks_statushistory tasks_statushistory_pkey; Type: CONSTRAINT; Schema: public; Owner: -
--

ALTER TABLE ONLY public.tasks_statushistory
    ADD CONSTRAINT tasks_statushistory_pkey PRIMARY KEY (id);


--
-- Name: tasks_task tasks_task_pkey; Type: CONSTRAINT; Schema: public; Owner: -
--

ALTER TABLE ONLY public.tasks_task
    ADD CONSTRAINT tasks_task_pkey PRIMARY KEY (id);


--
-- Name: tasks_task tasks_task_task_code_key; Type: CONSTRAINT; Schema: public; Owner: -
--

ALTER TABLE ONLY public.tasks_task
    ADD CONSTRAINT tasks_task_task_code_key UNIQUE (task_code);


--
-- Name: tasks_taskoutcome tasks_taskoutcome_pkey; Type: CONSTRAINT; Schema: public; Owner: -
--

ALTER TABLE ONLY public.tasks_taskoutcome
    ADD CONSTRAINT tasks_taskoutcome_pkey PRIMARY KEY (id);


--
-- Name: tasks_taskoutcome tasks_taskoutcome_task_id_key; Type: CONSTRAINT; Schema: public; Owner: -
--

ALTER TABLE ONLY public.tasks_taskoutcome
    ADD CONSTRAINT tasks_taskoutcome_task_id_key UNIQUE (task_id);


--
-- Name: tasks_taskstep tasks_taskstep_pkey; Type: CONSTRAINT; Schema: public; Owner: -
--

ALTER TABLE ONLY public.tasks_taskstep
    ADD CONSTRAINT tasks_taskstep_pkey PRIMARY KEY (id);


--
-- Name: auth_group_name_a6ea08ec_like; Type: INDEX; Schema: public; Owner: -
--

CREATE INDEX auth_group_name_a6ea08ec_like ON public.auth_group USING btree (name varchar_pattern_ops);


--
-- Name: auth_group_permissions_group_id_b120cbf9; Type: INDEX; Schema: public; Owner: -
--

CREATE INDEX auth_group_permissions_group_id_b120cbf9 ON public.auth_group_permissions USING btree (group_id);


--
-- Name: auth_group_permissions_permission_id_84c5c92e; Type: INDEX; Schema: public; Owner: -
--

CREATE INDEX auth_group_permissions_permission_id_84c5c92e ON public.auth_group_permissions USING btree (permission_id);


--
-- Name: auth_permission_content_type_id_2f476e4b; Type: INDEX; Schema: public; Owner: -
--

CREATE INDEX auth_permission_content_type_id_2f476e4b ON public.auth_permission USING btree (content_type_id);


--
-- Name: auth_user_groups_group_id_97559544; Type: INDEX; Schema: public; Owner: -
--

CREATE INDEX auth_user_groups_group_id_97559544 ON public.auth_user_groups USING btree (group_id);


--
-- Name: auth_user_groups_user_id_6a12ed8b; Type: INDEX; Schema: public; Owner: -
--

CREATE INDEX auth_user_groups_user_id_6a12ed8b ON public.auth_user_groups USING btree (user_id);


--
-- Name: auth_user_user_permissions_permission_id_1fbb5f2c; Type: INDEX; Schema: public; Owner: -
--

CREATE INDEX auth_user_user_permissions_permission_id_1fbb5f2c ON public.auth_user_user_permissions USING btree (permission_id);


--
-- Name: auth_user_user_permissions_user_id_a95ead1b; Type: INDEX; Schema: public; Owner: -
--

CREATE INDEX auth_user_user_permissions_user_id_a95ead1b ON public.auth_user_user_permissions USING btree (user_id);


--
-- Name: auth_user_username_6821ab7c_like; Type: INDEX; Schema: public; Owner: -
--

CREATE INDEX auth_user_username_6821ab7c_like ON public.auth_user USING btree (username varchar_pattern_ops);


--
-- Name: django_admin_log_content_type_id_c4bce8eb; Type: INDEX; Schema: public; Owner: -
--

CREATE INDEX django_admin_log_content_type_id_c4bce8eb ON public.django_admin_log USING btree (content_type_id);


--
-- Name: django_admin_log_user_id_c564eba6; Type: INDEX; Schema: public; Owner: -
--

CREATE INDEX django_admin_log_user_id_c564eba6 ON public.django_admin_log USING btree (user_id);


--
-- Name: django_session_expire_date_a5c62663; Type: INDEX; Schema: public; Owner: -
--

CREATE INDEX django_session_expire_date_a5c62663 ON public.django_session USING btree (expire_date);


--
-- Name: django_session_session_key_c0390e0f_like; Type: INDEX; Schema: public; Owner: -
--

CREATE INDEX django_session_session_key_c0390e0f_like ON public.django_session USING btree (session_key varchar_pattern_ops);


--
-- Name: tasks_extractedentity_task_id_e328b9a5; Type: INDEX; Schema: public; Owner: -
--

CREATE INDEX tasks_extractedentity_task_id_e328b9a5 ON public.tasks_extractedentity USING btree (task_id);


--
-- Name: tasks_generatedmessage_task_id_960ca9ca; Type: INDEX; Schema: public; Owner: -
--

CREATE INDEX tasks_generatedmessage_task_id_960ca9ca ON public.tasks_generatedmessage USING btree (task_id);


--
-- Name: tasks_statushistory_task_id_a46573ca; Type: INDEX; Schema: public; Owner: -
--

CREATE INDEX tasks_statushistory_task_id_a46573ca ON public.tasks_statushistory USING btree (task_id);


--
-- Name: tasks_task_task_code_89b83efe_like; Type: INDEX; Schema: public; Owner: -
--

CREATE INDEX tasks_task_task_code_89b83efe_like ON public.tasks_task USING btree (task_code varchar_pattern_ops);


--
-- Name: tasks_taskstep_task_id_0369112b; Type: INDEX; Schema: public; Owner: -
--

CREATE INDEX tasks_taskstep_task_id_0369112b ON public.tasks_taskstep USING btree (task_id);


--
-- Name: auth_group_permissions auth_group_permissio_permission_id_84c5c92e_fk_auth_perm; Type: FK CONSTRAINT; Schema: public; Owner: -
--

ALTER TABLE ONLY public.auth_group_permissions
    ADD CONSTRAINT auth_group_permissio_permission_id_84c5c92e_fk_auth_perm FOREIGN KEY (permission_id) REFERENCES public.auth_permission(id) DEFERRABLE INITIALLY DEFERRED;


--
-- Name: auth_group_permissions auth_group_permissions_group_id_b120cbf9_fk_auth_group_id; Type: FK CONSTRAINT; Schema: public; Owner: -
--

ALTER TABLE ONLY public.auth_group_permissions
    ADD CONSTRAINT auth_group_permissions_group_id_b120cbf9_fk_auth_group_id FOREIGN KEY (group_id) REFERENCES public.auth_group(id) DEFERRABLE INITIALLY DEFERRED;


--
-- Name: auth_permission auth_permission_content_type_id_2f476e4b_fk_django_co; Type: FK CONSTRAINT; Schema: public; Owner: -
--

ALTER TABLE ONLY public.auth_permission
    ADD CONSTRAINT auth_permission_content_type_id_2f476e4b_fk_django_co FOREIGN KEY (content_type_id) REFERENCES public.django_content_type(id) DEFERRABLE INITIALLY DEFERRED;


--
-- Name: auth_user_groups auth_user_groups_group_id_97559544_fk_auth_group_id; Type: FK CONSTRAINT; Schema: public; Owner: -
--

ALTER TABLE ONLY public.auth_user_groups
    ADD CONSTRAINT auth_user_groups_group_id_97559544_fk_auth_group_id FOREIGN KEY (group_id) REFERENCES public.auth_group(id) DEFERRABLE INITIALLY DEFERRED;


--
-- Name: auth_user_groups auth_user_groups_user_id_6a12ed8b_fk_auth_user_id; Type: FK CONSTRAINT; Schema: public; Owner: -
--

ALTER TABLE ONLY public.auth_user_groups
    ADD CONSTRAINT auth_user_groups_user_id_6a12ed8b_fk_auth_user_id FOREIGN KEY (user_id) REFERENCES public.auth_user(id) DEFERRABLE INITIALLY DEFERRED;


--
-- Name: auth_user_user_permissions auth_user_user_permi_permission_id_1fbb5f2c_fk_auth_perm; Type: FK CONSTRAINT; Schema: public; Owner: -
--

ALTER TABLE ONLY public.auth_user_user_permissions
    ADD CONSTRAINT auth_user_user_permi_permission_id_1fbb5f2c_fk_auth_perm FOREIGN KEY (permission_id) REFERENCES public.auth_permission(id) DEFERRABLE INITIALLY DEFERRED;


--
-- Name: auth_user_user_permissions auth_user_user_permissions_user_id_a95ead1b_fk_auth_user_id; Type: FK CONSTRAINT; Schema: public; Owner: -
--

ALTER TABLE ONLY public.auth_user_user_permissions
    ADD CONSTRAINT auth_user_user_permissions_user_id_a95ead1b_fk_auth_user_id FOREIGN KEY (user_id) REFERENCES public.auth_user(id) DEFERRABLE INITIALLY DEFERRED;


--
-- Name: django_admin_log django_admin_log_content_type_id_c4bce8eb_fk_django_co; Type: FK CONSTRAINT; Schema: public; Owner: -
--

ALTER TABLE ONLY public.django_admin_log
    ADD CONSTRAINT django_admin_log_content_type_id_c4bce8eb_fk_django_co FOREIGN KEY (content_type_id) REFERENCES public.django_content_type(id) DEFERRABLE INITIALLY DEFERRED;


--
-- Name: django_admin_log django_admin_log_user_id_c564eba6_fk_auth_user_id; Type: FK CONSTRAINT; Schema: public; Owner: -
--

ALTER TABLE ONLY public.django_admin_log
    ADD CONSTRAINT django_admin_log_user_id_c564eba6_fk_auth_user_id FOREIGN KEY (user_id) REFERENCES public.auth_user(id) DEFERRABLE INITIALLY DEFERRED;


--
-- Name: tasks_extractedentity tasks_extractedentity_task_id_e328b9a5_fk_tasks_task_id; Type: FK CONSTRAINT; Schema: public; Owner: -
--

ALTER TABLE ONLY public.tasks_extractedentity
    ADD CONSTRAINT tasks_extractedentity_task_id_e328b9a5_fk_tasks_task_id FOREIGN KEY (task_id) REFERENCES public.tasks_task(id) DEFERRABLE INITIALLY DEFERRED;


--
-- Name: tasks_generatedmessage tasks_generatedmessage_task_id_960ca9ca_fk_tasks_task_id; Type: FK CONSTRAINT; Schema: public; Owner: -
--

ALTER TABLE ONLY public.tasks_generatedmessage
    ADD CONSTRAINT tasks_generatedmessage_task_id_960ca9ca_fk_tasks_task_id FOREIGN KEY (task_id) REFERENCES public.tasks_task(id) DEFERRABLE INITIALLY DEFERRED;


--
-- Name: tasks_statushistory tasks_statushistory_task_id_a46573ca_fk_tasks_task_id; Type: FK CONSTRAINT; Schema: public; Owner: -
--

ALTER TABLE ONLY public.tasks_statushistory
    ADD CONSTRAINT tasks_statushistory_task_id_a46573ca_fk_tasks_task_id FOREIGN KEY (task_id) REFERENCES public.tasks_task(id) DEFERRABLE INITIALLY DEFERRED;


--
-- Name: tasks_taskoutcome tasks_taskoutcome_task_id_bbbdc0b8_fk_tasks_task_id; Type: FK CONSTRAINT; Schema: public; Owner: -
--

ALTER TABLE ONLY public.tasks_taskoutcome
    ADD CONSTRAINT tasks_taskoutcome_task_id_bbbdc0b8_fk_tasks_task_id FOREIGN KEY (task_id) REFERENCES public.tasks_task(id) DEFERRABLE INITIALLY DEFERRED;


--
-- Name: tasks_taskstep tasks_taskstep_task_id_0369112b_fk_tasks_task_id; Type: FK CONSTRAINT; Schema: public; Owner: -
--

ALTER TABLE ONLY public.tasks_taskstep
    ADD CONSTRAINT tasks_taskstep_task_id_0369112b_fk_tasks_task_id FOREIGN KEY (task_id) REFERENCES public.tasks_task(id) DEFERRABLE INITIALLY DEFERRED;


--
-- PostgreSQL database dump complete
--

