[
{
  "model": "tasks.task",
  "pk": 116,
  "fields": {
    "task_code": "VNH-2026-L1FRZ",
    "customer_request": "Airport pickup from JKIA for 3 passengers tomorrow",
    "intent": "airport_transfer",
    "status": "in_progress",
    "risk_score": 0,
    "risk_level": "low",
    "risk_flags": [
      "logistics_only"
    ],
    "risk_explanation": [
      "Logistics operation — no direct financial transfer"
    ],
    "escalation_required": false,
    "entities": {
      "location": "JKIA",
      "passenger_count": 3
    },
    "urgency_level": "medium",
    "ai_confidence": 0.9,
    "employee_assignment": "Logistics Team",
    "clarification_note": "Interpreted as an airport transfer request",
    "error_detail": "",
    "created_at": "2026-05-21T15:51:46.772Z",
    "updated_at": "2026-05-21T15:51:50.537Z"
  }
},
{
  "model": "tasks.task",
  "pk": 115,
  "fields": {
    "task_code": "VNH-2026-LQWDH",
    "customer_request": "Send 50000 KES to my nephew",
    "intent": "send_money",
    "status": "completed",
    "risk_score": 15,
    "risk_level": "low",
    "risk_flags": [
      "financial_transaction",
      "round_amount_signal"
    ],
    "risk_explanation": [
      "Financial transfer — base risk applies",
      "Round amount is a common pre-negotiated fraud indicator"
    ],
    "escalation_required": false,
    "entities": {
      "amount": 50000,
      "recipient": "nephew",
      "recipient_relationship": "family"
    },
    "urgency_level": "low",
    "ai_confidence": 0.9,
    "employee_assignment": "Finance Team",
    "clarification_note": "Interpreted as a money transfer (send_money)",
    "error_detail": "",
    "created_at": "2026-05-21T15:44:40.767Z",
    "updated_at": "2026-05-21T15:47:54.690Z"
  }
},
{
  "model": "tasks.task",
  "pk": 114,
  "fields": {
    "task_code": "VNH-2026-Y00PA",
    "customer_request": "send 2,000usd to Kindergarten schools fees",
    "intent": "send_money",
    "status": "completed",
    "risk_score": 5,
    "risk_level": "low",
    "risk_flags": [
      "financial_transaction"
    ],
    "risk_explanation": [
      "Financial transfer — base risk applies"
    ],
    "escalation_required": false,
    "entities": {
      "amount": 2000,
      "recipient": "Kindergarten",
      "is_new_recipient": null,
      "destination_country": null,
      "recipient_relationship": null
    },
    "urgency_level": "medium",
    "ai_confidence": 0.9,
    "employee_assignment": "Finance Team",
    "clarification_note": "Interpreted as a money transfer (send_money) for paying school fees",
    "error_detail": "",
    "created_at": "2026-05-21T15:40:58.325Z",
    "updated_at": "2026-05-21T15:41:01.581Z"
  }
},
{
  "model": "tasks.task",
  "pk": 111,
  "fields": {
    "task_code": "VNH-2026-0MTUS",
    "customer_request": "Hire a plumber in Nairobi urgently",
    "intent": "hire_service",
    "status": "completed",
    "risk_score": 25,
    "risk_level": "low",
    "risk_flags": [
      "service_transaction",
      "urgent_request"
    ],
    "risk_explanation": [
      "Service payment — minor financial exposure",
      "High urgency is the primary social engineering signal in diaspora fraud"
    ],
    "escalation_required": false,
    "entities": {
      "location": "Nairobi",
      "recipient": "plumber"
    },
    "urgency_level": "high",
    "ai_confidence": 0.9,
    "employee_assignment": "Operations Team",
    "clarification_note": "Interpreted as hiring a home service worker (hire_service) for plumbing services",
    "error_detail": "",
    "created_at": "2026-05-21T13:26:12.257Z",
    "updated_at": "2026-05-21T13:26:16.275Z"
  }
},
{
  "model": "tasks.task",
  "pk": 108,
  "fields": {
    "task_code": "VNH-2026-LNOIB",
    "customer_request": "verify land title",
    "intent": "verify_document",
    "status": "completed",
    "risk_score": 35,
    "risk_level": "medium",
    "risk_flags": [
      "document_verification"
    ],
    "risk_explanation": [
      "Document verification is a high-risk operation"
    ],
    "escalation_required": false,
    "entities": {
      "document_type": "land title"
    },
    "urgency_level": "low",
    "ai_confidence": 0.9,
    "employee_assignment": "Legal Team",
    "clarification_note": "Interpreted as a document verification request (verify_document) for a land title deed",
    "error_detail": "",
    "created_at": "2026-05-21T00:45:34.387Z",
    "updated_at": "2026-05-21T00:45:36.464Z"
  }
},
{
  "model": "tasks.extractedentity",
  "pk": 32,
  "fields": {
    "task": 108,
    "entity_key": "document_type",
    "entity_value": "land title"
  }
},
{
  "model": "tasks.extractedentity",
  "pk": 35,
  "fields": {
    "task": 111,
    "entity_key": "location",
    "entity_value": "Nairobi"
  }
},
{
  "model": "tasks.extractedentity",
  "pk": 36,
  "fields": {
    "task": 111,
    "entity_key": "recipient",
    "entity_value": "plumber"
  }
},
{
  "model": "tasks.extractedentity",
  "pk": 43,
  "fields": {
    "task": 114,
    "entity_key": "amount",
    "entity_value": "2000"
  }
},
{
  "model": "tasks.extractedentity",
  "pk": 44,
  "fields": {
    "task": 114,
    "entity_key": "recipient",
    "entity_value": "Kindergarten"
  }
},
{
  "model": "tasks.extractedentity",
  "pk": 45,
  "fields": {
    "task": 114,
    "entity_key": "destination_country",
    "entity_value": "None"
  }
},
{
  "model": "tasks.extractedentity",
  "pk": 46,
  "fields": {
    "task": 114,
    "entity_key": "is_new_recipient",
    "entity_value": "None"
  }
},
{
  "model": "tasks.extractedentity",
  "pk": 47,
  "fields": {
    "task": 114,
    "entity_key": "recipient_relationship",
    "entity_value": "None"
  }
},
{
  "model": "tasks.extractedentity",
  "pk": 48,
  "fields": {
    "task": 115,
    "entity_key": "amount",
    "entity_value": "50000"
  }
},
{
  "model": "tasks.extractedentity",
  "pk": 49,
  "fields": {
    "task": 115,
    "entity_key": "recipient",
    "entity_value": "nephew"
  }
},
{
  "model": "tasks.extractedentity",
  "pk": 50,
  "fields": {
    "task": 115,
    "entity_key": "recipient_relationship",
    "entity_value": "family"
  }
},
{
  "model": "tasks.extractedentity",
  "pk": 51,
  "fields": {
    "task": 116,
    "entity_key": "location",
    "entity_value": "JKIA"
  }
},
{
  "model": "tasks.extractedentity",
  "pk": 52,
  "fields": {
    "task": 116,
    "entity_key": "passenger_count",
    "entity_value": "3"
  }
},
{
  "model": "tasks.taskstep",
  "pk": 144,
  "fields": {
    "task": 116,
    "order": 1,
    "description": "Verify passenger count and assign suitable vehicle",
    "completed": false
  }
},
{
  "model": "tasks.taskstep",
  "pk": 132,
  "fields": {
    "task": 114,
    "order": 1,
    "description": "Verify sender KYC",
    "completed": false
  }
},
{
  "model": "tasks.taskstep",
  "pk": 103,
  "fields": {
    "task": 108,
    "order": 1,
    "description": "Retrieve land title document from database",
    "completed": false
  }
},
{
  "model": "tasks.taskstep",
  "pk": 114,
  "fields": {
    "task": 111,
    "order": 1,
    "description": "Verify service request details",
    "completed": false
  }
},
{
  "model": "tasks.taskstep",
  "pk": 138,
  "fields": {
    "task": 115,
    "order": 1,
    "description": "Verify sender KYC",
    "completed": true
  }
},
{
  "model": "tasks.taskstep",
  "pk": 104,
  "fields": {
    "task": 108,
    "order": 2,
    "description": "Verify document authenticity with issuing authority",
    "completed": false
  }
},
{
  "model": "tasks.taskstep",
  "pk": 115,
  "fields": {
    "task": 111,
    "order": 2,
    "description": "Confirm availability of plumber in Nairobi",
    "completed": false
  }
},
{
  "model": "tasks.taskstep",
  "pk": 133,
  "fields": {
    "task": 114,
    "order": 2,
    "description": "Validate recipient details",
    "completed": false
  }
},
{
  "model": "tasks.taskstep",
  "pk": 139,
  "fields": {
    "task": 115,
    "order": 2,
    "description": "Confirm recipient details",
    "completed": true
  }
},
{
  "model": "tasks.taskstep",
  "pk": 145,
  "fields": {
    "task": 116,
    "order": 2,
    "description": "Confirm pickup location at JKIA",
    "completed": false
  }
},
{
  "model": "tasks.taskstep",
  "pk": 116,
  "fields": {
    "task": 111,
    "order": 3,
    "description": "Assign plumber to the service request",
    "completed": false
  }
},
{
  "model": "tasks.taskstep",
  "pk": 146,
  "fields": {
    "task": 116,
    "order": 3,
    "description": "Assign driver and track availability",
    "completed": false
  }
},
{
  "model": "tasks.taskstep",
  "pk": 140,
  "fields": {
    "task": 115,
    "order": 3,
    "description": "Check sender account balance",
    "completed": true
  }
},
{
  "model": "tasks.taskstep",
  "pk": 105,
  "fields": {
    "task": 108,
    "order": 3,
    "description": "Check for any outstanding liens or encumbrances",
    "completed": false
  }
},
{
  "model": "tasks.taskstep",
  "pk": 134,
  "fields": {
    "task": 114,
    "order": 3,
    "description": "Check sender account balance for $2000",
    "completed": false
  }
},
{
  "model": "tasks.taskstep",
  "pk": 135,
  "fields": {
    "task": 114,
    "order": 4,
    "description": "Confirm recipient 'Kindergarten' is an approved payee",
    "completed": false
  }
},
{
  "model": "tasks.taskstep",
  "pk": 106,
  "fields": {
    "task": 108,
    "order": 4,
    "description": "Confirm document matches customer-provided information",
    "completed": false
  }
},
{
  "model": "tasks.taskstep",
  "pk": 117,
  "fields": {
    "task": 111,
    "order": 4,
    "description": "Notify the assigned plumber of the new task",
    "completed": false
  }
},
{
  "model": "tasks.taskstep",
  "pk": 141,
  "fields": {
    "task": 115,
    "order": 4,
    "description": "Validate transaction amount",
    "completed": true
  }
},
{
  "model": "tasks.taskstep",
  "pk": 147,
  "fields": {
    "task": 116,
    "order": 4,
    "description": "Coordinate with driver for pickup time and passenger details",
    "completed": false
  }
},
{
  "model": "tasks.taskstep",
  "pk": 136,
  "fields": {
    "task": 114,
    "order": 5,
    "description": "Generate payment reference number",
    "completed": false
  }
},
{
  "model": "tasks.taskstep",
  "pk": 142,
  "fields": {
    "task": 115,
    "order": 5,
    "description": "Execute fund transfer",
    "completed": true
  }
},
{
  "model": "tasks.taskstep",
  "pk": 118,
  "fields": {
    "task": 111,
    "order": 5,
    "description": "Schedule the service appointment",
    "completed": false
  }
},
{
  "model": "tasks.taskstep",
  "pk": 107,
  "fields": {
    "task": 108,
    "order": 5,
    "description": "Update document status in system of record",
    "completed": false
  }
},
{
  "model": "tasks.taskstep",
  "pk": 148,
  "fields": {
    "task": 116,
    "order": 5,
    "description": "Monitor transfer status and update system in real-time",
    "completed": false
  }
},
{
  "model": "tasks.taskstep",
  "pk": 137,
  "fields": {
    "task": 114,
    "order": 6,
    "description": "Process payment of $2000 to 'Kindergarten'",
    "completed": false
  }
},
{
  "model": "tasks.taskstep",
  "pk": 143,
  "fields": {
    "task": 115,
    "order": 6,
    "description": "Generate transaction receipt",
    "completed": true
  }
},
{
  "model": "tasks.taskstep",
  "pk": 119,
  "fields": {
    "task": 111,
    "order": 6,
    "description": "Update the service request status to 'in progress'",
    "completed": false
  }
},
{
  "model": "tasks.taskstep",
  "pk": 149,
  "fields": {
    "task": 116,
    "order": 6,
    "description": "Process payment and generate invoice",
    "completed": false
  }
},
{
  "model": "tasks.generatedmessage",
  "pk": 55,
  "fields": {
    "task": 108,
    "channel": "whatsapp",
    "content": "Hi, we're reviewing your land title document. \n   This is part of our verification process. \n   We'll be in touch once it's complete.",
    "recipient": "",
    "sent_at": null,
    "send_error": ""
  }
},
{
  "model": "tasks.generatedmessage",
  "pk": 56,
  "fields": {
    "task": 108,
    "channel": "email",
    "content": "Dear valued customer, \n   we are currently verifying the land title document you submitted as part of our standard procedure. \n   Please be assured that we prioritize the security and confidentiality of your information. \n   We will notify you once the verification is complete.\n   Best regards, Vunoh Operations Team",
    "recipient": "",
    "sent_at": null,
    "send_error": ""
  }
},
{
  "model": "tasks.generatedmessage",
  "pk": 57,
  "fields": {
    "task": 108,
    "channel": "sms",
    "content": "Land title verification in progress",
    "recipient": "",
    "sent_at": null,
    "send_error": ""
  }
},
{
  "model": "tasks.generatedmessage",
  "pk": 61,
  "fields": {
    "task": 111,
    "channel": "whatsapp",
    "content": "Hi, we've received your request to hire a plumber in Nairobi. \n   We'll connect you with a reliable professional soon. \n   Please expect a call to discuss details.",
    "recipient": "",
    "sent_at": null,
    "send_error": ""
  }
},
{
  "model": "tasks.generatedmessage",
  "pk": 62,
  "fields": {
    "task": 111,
    "channel": "email",
    "content": "Dear Customer,\n   Re: Hiring a Plumber in Nairobi\n   We are pleased to inform you that we have received your request to hire a plumber in Nairobi. Our team will promptly connect you with a reliable professional. You will receive a call shortly to discuss the details of the service.\n   Thank you for choosing our platform.\n   Best regards, Vunoh Operations",
    "recipient": "",
    "sent_at": null,
    "send_error": ""
  }
},
{
  "model": "tasks.generatedmessage",
  "pk": 63,
  "fields": {
    "task": 111,
    "channel": "sms",
    "content": "Plumber hired in Nairobi. Expect a call soon.",
    "recipient": "",
    "sent_at": null,
    "send_error": ""
  }
},
{
  "model": "tasks.generatedmessage",
  "pk": 70,
  "fields": {
    "task": 114,
    "channel": "whatsapp",
    "content": "You're about to send $2000 to Kindergarten. \nIs this a one-time donation or a regular payment? \nLet us know if you need any help with the transfer.",
    "recipient": "",
    "sent_at": null,
    "send_error": ""
  }
},
{
  "model": "tasks.generatedmessage",
  "pk": 71,
  "fields": {
    "task": 114,
    "channel": "email",
    "content": "Dear valued customer,\nWe have received your request to send $2000 to Kindergarten. \nAs this is a low-risk transaction, we will proceed with the transfer shortly. \nPlease note that you will receive a confirmation once the transaction is complete.\nBest regards, Vunoh Operations Team",
    "recipient": "",
    "sent_at": null,
    "send_error": ""
  }
},
{
  "model": "tasks.generatedmessage",
  "pk": 72,
  "fields": {
    "task": 114,
    "channel": "sms",
    "content": "Sent $2000 to Kindergarten",
    "recipient": "",
    "sent_at": null,
    "send_error": ""
  }
},
{
  "model": "tasks.generatedmessage",
  "pk": 73,
  "fields": {
    "task": 115,
    "channel": "whatsapp",
    "content": "Hey, we've got your request to send 50,000 to your nephew. \n   This is a low-risk transaction, so it should go through smoothly. \n   We'll let you know once it's done.",
    "recipient": "",
    "sent_at": null,
    "send_error": ""
  }
},
{
  "model": "tasks.generatedmessage",
  "pk": 74,
  "fields": {
    "task": 115,
    "channel": "email",
    "content": "Dear valued customer, \n   we are writing to confirm receipt of your request to send 50,000 to your nephew. \n   As this transaction has been assessed as low-risk, we anticipate no issues with its processing. \n   You will receive a notification once the transaction is complete. \n   Best regards, Vunoh Operations Team",
    "recipient": "",
    "sent_at": null,
    "send_error": ""
  }
},
{
  "model": "tasks.generatedmessage",
  "pk": 75,
  "fields": {
    "task": 115,
    "channel": "sms",
    "content": "Transaction to nephew: 50,000. Processing...",
    "recipient": "",
    "sent_at": null,
    "send_error": ""
  }
},
{
  "model": "tasks.generatedmessage",
  "pk": 76,
  "fields": {
    "task": 116,
    "channel": "whatsapp",
    "content": "Hi, we've received your airport transfer request from JKIA for 3 passengers. \n   We'll arrange a suitable vehicle for you. \n   You'll receive a confirmation message with the driver's details and pickup time shortly.",
    "recipient": "",
    "sent_at": null,
    "send_error": ""
  }
},
{
  "model": "tasks.generatedmessage",
  "pk": 77,
  "fields": {
    "task": 116,
    "channel": "email",
    "content": "Dear Customer, \n   We are writing to confirm receipt of your airport transfer request from Jomo Kenyatta International Airport (JKIA) for 3 passengers. \n   Our team is working on arranging a suitable vehicle for your travel needs. \n   You will receive a separate email with the driver's details and pickup time once the arrangement is confirmed.\n   Best regards, Vunoh Operations Team",
    "recipient": "",
    "sent_at": null,
    "send_error": ""
  }
},
{
  "model": "tasks.generatedmessage",
  "pk": 78,
  "fields": {
    "task": 116,
    "channel": "sms",
    "content": "JKIA transfer for 3 confirmed",
    "recipient": "",
    "sent_at": null,
    "send_error": ""
  }
},
{
  "model": "tasks.statushistory",
  "pk": 28,
  "fields": {
    "task": 108,
    "from_status": "in_progress",
    "to_status": "completed",
    "changed_at": "2026-05-21T00:45:36.470Z",
    "note": ""
  }
},
{
  "model": "tasks.statushistory",
  "pk": 34,
  "fields": {
    "task": 111,
    "from_status": "in_progress",
    "to_status": "completed",
    "changed_at": "2026-05-21T13:26:16.337Z",
    "note": ""
  }
},
{
  "model": "tasks.statushistory",
  "pk": 37,
  "fields": {
    "task": 114,
    "from_status": "in_progress",
    "to_status": "completed",
    "changed_at": "2026-05-21T15:41:01.588Z",
    "note": ""
  }
},
{
  "model": "tasks.statushistory",
  "pk": 38,
  "fields": {
    "task": 115,
    "from_status": "in_progress",
    "to_status": "completed",
    "changed_at": "2026-05-21T15:47:54.691Z",
    "note": "Auto-completed: all workflow steps checked off by ops team."
  }
}
]
